id,symbol,category,name,mount,guidance,ship,class,rating,entitlement
128049250,SideWinder_Armour_Grade1,standard,Lightweight Alloy,,,Sidewinder,1,I,
128049251,SideWinder_Armour_Grade2,standard,Reinforced Alloy,,,Sidewinder,1,I,
128049252,SideWinder_Armour_Grade3,standard,Military Grade Composite,,,Sidewinder,1,I,
128049253,SideWinder_Armour_Mirrored,standard,Mirrored Surface Composite,,,Sidewinder,1,I,
128049254,SideWinder_Armour_Reactive,standard,Reactive Surface Composite,,,Sidewinder,1,I,
128049256,Eagle_Armour_Grade1,standard,Lightweight Alloy,,,Eagle,1,I,
128049257,Eagle_Armour_Grade2,standard,Reinforced Alloy,,,Eagle,1,I,
128049258,Eagle_Armour_Grade3,standard,Military Grade Composite,,,Eagle,1,I,
128049259,Eagle_Armour_Mirrored,standard,Mirrored Surface Composite,,,Eagle,1,I,
128049260,Eagle_Armour_Reactive,standard,Reactive Surface Composite,,,Eagle,1,I,
128049262,Hauler_Armour_Grade1,standard,Lightweight Alloy,,,Hauler,1,I,
128049263,Hauler_Armour_Grade2,standard,Reinforced Alloy,,,Hauler,1,I,
128049264,Hauler_Armour_Grade3,standard,Military Grade Composite,,,Hauler,1,I,
128049265,Hauler_Armour_Mirrored,standard,Mirrored Surface Composite,,,Hauler,1,I,
128049266,Hauler_Armour_Reactive,standard,Reactive Surface Composite,,,Hauler,1,I,
128049268,Adder_Armour_Grade1,standard,Lightweight Alloy,,,Adder,1,I,
128049269,Adder_Armour_Grade2,standard,Reinforced Alloy,,,Adder,1,I,
128049270,Adder_Armour_Grade3,standard,Military Grade Composite,,,Adder,1,I,
128049271,Adder_Armour_Mirrored,standard,Mirrored Surface Composite,,,Adder,1,I,
128049272,Adder_Armour_Reactive,standard,Reactive Surface Composite,,,Adder,1,I,
128049274,Viper_Armour_Grade1,standard,Lightweight Alloy,,,Viper MkIII,1,I,
128049275,Viper_Armour_Grade2,standard,Reinforced Alloy,,,Viper MkIII,1,I,
128049276,Viper_Armour_Grade3,standard,Military Grade Composite,,,Viper MkIII,1,I,
128049277,Viper_Armour_Mirrored,standard,Mirrored Surface Composite,,,Viper MkIII,1,I,
128049278,Viper_Armour_Reactive,standard,Reactive Surface Composite,,,Viper MkIII,1,I,
128049280,CobraMkIII_Armour_Grade1,standard,Lightweight Alloy,,,Cobra MkIII,1,I,
128049281,CobraMkIII_Armour_Grade2,standard,Reinforced Alloy,,,Cobra MkIII,1,I,
128049282,CobraMkIII_Armour_Grade3,standard,Military Grade Composite,,,Cobra MkIII,1,I,
128049283,CobraMkIII_Armour_Mirrored,standard,Mirrored Surface Composite,,,Cobra MkIII,1,I,
128049284,CobraMkIII_Armour_Reactive,standard,Reactive Surface Composite,,,Cobra MkIII,1,I,
128049286,Type6_Armour_Grade1,standard,Lightweight Alloy,,,Type-6 Transporter,1,I,
128049287,Type6_Armour_Grade2,standard,Reinforced Alloy,,,Type-6 Transporter,1,I,
128049288,Type6_Armour_Grade3,standard,Military Grade Composite,,,Type-6 Transporter,1,I,
128049289,Type6_Armour_Mirrored,standard,Mirrored Surface Composite,,,Type-6 Transporter,1,I,
128049290,Type6_Armour_Reactive,standard,Reactive Surface Composite,,,Type-6 Transporter,1,I,
128049292,Dolphin_Armour_Grade1,standard,Lightweight Alloy,,,Dolphin,1,I,
128049293,Dolphin_Armour_Grade2,standard,Reinforced Alloy,,,Dolphin,1,I,
128049294,Dolphin_Armour_Grade3,standard,Military Grade Composite,,,Dolphin,1,I,
128049295,Dolphin_Armour_Mirrored,standard,Mirrored Surface Composite,,,Dolphin,1,I,
128049296,Dolphin_Armour_Reactive,standard,Reactive Surface Composite,,,Dolphin,1,I,
128049298,Type7_Armour_Grade1,standard,Lightweight Alloy,,,Type-7 Transporter,1,I,
128049299,Type7_Armour_Grade2,standard,Reinforced Alloy,,,Type-7 Transporter,1,I,
128049300,Type7_Armour_Grade3,standard,Military Grade Composite,,,Type-7 Transporter,1,I,
128049301,Type7_Armour_Mirrored,standard,Mirrored Surface Composite,,,Type-7 Transporter,1,I,
128049302,Type7_Armour_Reactive,standard,Reactive Surface Composite,,,Type-7 Transporter,1,I,
128049304,Asp_Armour_Grade1,standard,Lightweight Alloy,,,Asp Explorer,1,I,
128049305,Asp_Armour_Grade2,standard,Reinforced Alloy,,,Asp Explorer,1,I,
128049306,Asp_Armour_Grade3,standard,Military Grade Composite,,,Asp Explorer,1,I,
128049307,Asp_Armour_Mirrored,standard,Mirrored Surface Composite,,,Asp Explorer,1,I,
128049308,Asp_Armour_Reactive,standard,Reactive Surface Composite,,,Asp Explorer,1,I,
128049310,Vulture_Armour_Grade1,standard,Lightweight Alloy,,,Vulture,1,I,
128049311,Vulture_Armour_Grade2,standard,Reinforced Alloy,,,Vulture,1,I,
128049312,Vulture_Armour_Grade3,standard,Military Grade Composite,,,Vulture,1,I,
128049313,Vulture_Armour_Mirrored,standard,Mirrored Surface Composite,,,Vulture,1,I,
128049314,Vulture_Armour_Reactive,standard,Reactive Surface Composite,,,Vulture,1,I,
128049316,Empire_Trader_Armour_Grade1,standard,Lightweight Alloy,,,Imperial Clipper,1,I,
128049317,Empire_Trader_Armour_Grade2,standard,Reinforced Alloy,,,Imperial Clipper,1,I,
128049318,Empire_Trader_Armour_Grade3,standard,Military Grade Composite,,,Imperial Clipper,1,I,
128049319,Empire_Trader_Armour_Mirrored,standard,Mirrored Surface Composite,,,Imperial Clipper,1,I,
128049320,Empire_Trader_Armour_Reactive,standard,Reactive Surface Composite,,,Imperial Clipper,1,I,
128049322,Federation_Dropship_Armour_Grade1,standard,Lightweight Alloy,,,Federal Dropship,1,I,
128049323,Federation_Dropship_Armour_Grade2,standard,Reinforced Alloy,,,Federal Dropship,1,I,
128049324,Federation_Dropship_Armour_Grade3,standard,Military Grade Composite,,,Federal Dropship,1,I,
128049325,Federation_Dropship_Armour_Mirrored,standard,Mirrored Surface Composite,,,Federal Dropship,1,I,
128049326,Federation_Dropship_Armour_Reactive,standard,Reactive Surface Composite,,,Federal Dropship,1,I,
128049328,Orca_Armour_Grade1,standard,Lightweight Alloy,,,Orca,1,I,
128049329,Orca_Armour_Grade2,standard,Reinforced Alloy,,,Orca,1,I,
128049330,Orca_Armour_Grade3,standard,Military Grade Composite,,,Orca,1,I,
128049331,Orca_Armour_Mirrored,standard,Mirrored Surface Composite,,,Orca,1,I,
128049332,Orca_Armour_Reactive,standard,Reactive Surface Composite,,,Orca,1,I,
128049334,Type9_Armour_Grade1,standard,Lightweight Alloy,,,Type-9 Heavy,1,I,
128049335,Type9_Armour_Grade2,standard,Reinforced Alloy,,,Type-9 Heavy,1,I,
128049336,Type9_Armour_Grade3,standard,Military Grade Composite,,,Type-9 Heavy,1,I,
128049337,Type9_Armour_Mirrored,standard,Mirrored Surface Composite,,,Type-9 Heavy,1,I,
128049338,Type9_Armour_Reactive,standard,Reactive Surface Composite,,,Type-9 Heavy,1,I,
128049340,Python_Armour_Grade1,standard,Lightweight Alloy,,,Python,1,I,
128049341,Python_Armour_Grade2,standard,Reinforced Alloy,,,Python,1,I,
128049342,Python_Armour_Grade3,standard,Military Grade Composite,,,Python,1,I,
128049343,Python_Armour_Mirrored,standard,Mirrored Surface Composite,,,Python,1,I,
128049344,Python_Armour_Reactive,standard,Reactive Surface Composite,,,Python,1,I,
128049346,BelugaLiner_Armour_Grade1,standard,Lightweight Alloy,,,Beluga Liner,1,I,
128049347,BelugaLiner_Armour_Grade2,standard,Reinforced Alloy,,,Beluga Liner,1,I,
128049348,BelugaLiner_Armour_Grade3,standard,Military Grade Composite,,,Beluga Liner,1,I,
128049349,BelugaLiner_Armour_Mirrored,standard,Mirrored Surface Composite,,,Beluga Liner,1,I,
128049350,BelugaLiner_Armour_Reactive,standard,Reactive Surface Composite,,,Beluga Liner,1,I,
128049352,FerDeLance_Armour_Grade1,standard,Lightweight Alloy,,,Fer-de-Lance,1,I,
128049353,FerDeLance_Armour_Grade2,standard,Reinforced Alloy,,,Fer-de-Lance,1,I,
128049354,FerDeLance_Armour_Grade3,standard,Military Grade Composite,,,Fer-de-Lance,1,I,
128049355,FerDeLance_Armour_Mirrored,standard,Mirrored Surface Composite,,,Fer-de-Lance,1,I,
128049356,FerDeLance_Armour_Reactive,standard,Reactive Surface Composite,,,Fer-de-Lance,1,I,
128049364,Anaconda_Armour_Grade1,standard,Lightweight Alloy,,,Anaconda,1,I,
128049365,Anaconda_Armour_Grade2,standard,Reinforced Alloy,,,Anaconda,1,I,
128049366,Anaconda_Armour_Grade3,standard,Military Grade Composite,,,Anaconda,1,I,
128049367,Anaconda_Armour_Mirrored,standard,Mirrored Surface Composite,,,Anaconda,1,I,
128049368,Anaconda_Armour_Reactive,standard,Reactive Surface Composite,,,Anaconda,1,I,
128049370,Federation_Corvette_Armour_Grade1,standard,Lightweight Alloy,,,Federal Corvette,1,I,
128049371,Federation_Corvette_Armour_Grade2,standard,Reinforced Alloy,,,Federal Corvette,1,I,
128049372,Federation_Corvette_Armour_Grade3,standard,Military Grade Composite,,,Federal Corvette,1,I,
128049373,Federation_Corvette_Armour_Mirrored,standard,Mirrored Surface Composite,,,Federal Corvette,1,I,
128049374,Federation_Corvette_Armour_Reactive,standard,Reactive Surface Composite,,,Federal Corvette,1,I,
128049376,Cutter_Armour_Grade1,standard,Lightweight Alloy,,,Imperial Cutter,1,I,
128049377,Cutter_Armour_Grade2,standard,Reinforced Alloy,,,Imperial Cutter,1,I,
128049378,Cutter_Armour_Grade3,standard,Military Grade Composite,,,Imperial Cutter,1,I,
128049379,Cutter_Armour_Mirrored,standard,Mirrored Surface Composite,,,Imperial Cutter,1,I,
128049380,Cutter_Armour_Reactive,standard,Reactive Surface Composite,,,Imperial Cutter,1,I,
128049381,Hpt_PulseLaser_Fixed_Small,hardpoint,Pulse Laser,Fixed,,,1,F,
128049382,Hpt_PulseLaser_Fixed_Medium,hardpoint,Pulse Laser,Fixed,,,2,E,
128049383,Hpt_PulseLaser_Fixed_Large,hardpoint,Pulse Laser,Fixed,,,3,D,
128049384,Hpt_PulseLaser_Fixed_Huge,hardpoint,Pulse Laser,Fixed,,,4,A,
128049385,Hpt_PulseLaser_Gimbal_Small,hardpoint,Pulse Laser,Gimballed,,,1,G,
128049386,Hpt_PulseLaser_Gimbal_Medium,hardpoint,Pulse Laser,Gimballed,,,2,F,
128049387,Hpt_PulseLaser_Gimbal_Large,hardpoint,Pulse Laser,Gimballed,,,3,E,
128049388,Hpt_PulseLaser_Turret_Small,hardpoint,Pulse Laser,Turreted,,,1,G,
128049389,Hpt_PulseLaser_Turret_Medium,hardpoint,Pulse Laser,Turreted,,,2,F,
128049390,Hpt_PulseLaser_Turret_Large,hardpoint,Pulse Laser,Turreted,,,3,F,
128049400,Hpt_PulseLaserBurst_Fixed_Small,hardpoint,Burst Laser,Fixed,,,1,F,
128049401,Hpt_PulseLaserBurst_Fixed_Medium,hardpoint,Burst Laser,Fixed,,,2,E,
128049402,Hpt_PulseLaserBurst_Fixed_Large,hardpoint,Burst Laser,Fixed,,,3,D,
128049403,Hpt_PulseLaserBurst_Fixed_Huge,hardpoint,Burst Laser,Fixed,,,4,E,
128049404,Hpt_PulseLaserBurst_Gimbal_Small,hardpoint,Burst Laser,Gimballed,,,1,G,
128049405,Hpt_PulseLaserBurst_Gimbal_Medium,hardpoint,Burst Laser,Gimballed,,,2,F,
128049406,Hpt_PulseLaserBurst_Gimbal_Large,hardpoint,Burst Laser,Gimballed,,,3,E,
128049407,Hpt_PulseLaserBurst_Turret_Small,hardpoint,Burst Laser,Turreted,,,1,G,
128049408,Hpt_PulseLaserBurst_Turret_Medium,hardpoint,Burst Laser,Turreted,,,2,F,
128049409,Hpt_PulseLaserBurst_Turret_Large,hardpoint,Burst Laser,Turreted,,,3,E,
128049428,Hpt_BeamLaser_Fixed_Small,hardpoint,Beam Laser,Fixed,,,1,E,
128049429,Hpt_BeamLaser_Fixed_Medium,hardpoint,Beam Laser,Fixed,,,2,D,
128049430,Hpt_BeamLaser_Fixed_Large,hardpoint,Beam Laser,Fixed,,,3,C,
128049431,Hpt_BeamLaser_Fixed_Huge,hardpoint,Beam Laser,Fixed,,,4,A,
128049432,Hpt_BeamLaser_Gimbal_Small,hardpoint,Beam Laser,Gimballed,,,1,E,
128049433,Hpt_BeamLaser_Gimbal_Medium,hardpoint,Beam Laser,Gimballed,,,2,D,
128049434,Hpt_BeamLaser_Gimbal_Large,hardpoint,Beam Laser,Gimballed,,,3,C,
128049435,Hpt_BeamLaser_Turret_Small,hardpoint,Beam Laser,Turreted,,,1,F,
128049436,Hpt_BeamLaser_Turret_Medium,hardpoint,Beam Laser,Turreted,,,2,E,
128049437,Hpt_BeamLaser_Turret_Large,hardpoint,Beam Laser,Turreted,,,3,D,
128049438,Hpt_Cannon_Fixed_Small,hardpoint,Cannon,Fixed,,,1,D,
128049439,Hpt_Cannon_Fixed_Medium,hardpoint,Cannon,Fixed,,,2,D,
128049440,Hpt_Cannon_Fixed_Large,hardpoint,Cannon,Fixed,,,3,C,
128049441,Hpt_Cannon_Fixed_Huge,hardpoint,Cannon,Fixed,,,4,B,
128049442,Hpt_Cannon_Gimbal_Small,hardpoint,Cannon,Gimballed,,,1,E,
128049443,Hpt_Cannon_Gimbal_Medium,hardpoint,Cannon,Gimballed,,,2,D,
128049444,Hpt_Cannon_Gimbal_Huge,hardpoint,Cannon,Gimballed,,,4,B,
128049445,Hpt_Cannon_Turret_Small,hardpoint,Cannon,Turreted,,,1,F,
128049446,Hpt_Cannon_Turret_Medium,hardpoint,Cannon,Turreted,,,2,E,
128049447,Hpt_Cannon_Turret_Large,hardpoint,Cannon,Turreted,,,3,D,
128049448,Hpt_Slugshot_Fixed_Small,hardpoint,Fragment Cannon,Fixed,,,1,E,
128049449,Hpt_Slugshot_Fixed_Medium,hardpoint,Fragment Cannon,Fixed,,,2,A,
128049450,Hpt_Slugshot_Fixed_Large,hardpoint,Fragment Cannon,Fixed,,,3,C,
128049451,Hpt_Slugshot_Gimbal_Small,hardpoint,Fragment Cannon,Gimballed,,,1,E,
128049452,Hpt_Slugshot_Gimbal_Medium,hardpoint,Fragment Cannon,Gimballed,,,2,D,
128049453,Hpt_Slugshot_Turret_Small,hardpoint,Fragment Cannon,Turreted,,,1,E,
128049454,Hpt_Slugshot_Turret_Medium,hardpoint,Fragment Cannon,Turreted,,,2,D,
128049455,Hpt_MultiCannon_Fixed_Small,hardpoint,Multi-Cannon,Fixed,,,1,F,
128049456,Hpt_MultiCannon_Fixed_Medium,hardpoint,Multi-Cannon,Fixed,,,2,E,
128049457,Hpt_MultiCannon_Fixed_Large,hardpoint,Multi-Cannon,Fixed,,,3,C,
128049458,Hpt_MultiCannon_Fixed_Huge,hardpoint,Multi-Cannon,Fixed,,,4,A,
128049459,Hpt_MultiCannon_Gimbal_Small,hardpoint,Multi-Cannon,Gimballed,,,1,G,
128049460,Hpt_MultiCannon_Gimbal_Medium,hardpoint,Multi-Cannon,Gimballed,,,2,F,
128049461,Hpt_MultiCannon_Gimbal_Large,hardpoint,Multi-Cannon,Gimballed,,,3,C,
128049462,Hpt_MultiCannon_Turret_Small,hardpoint,Multi-Cannon,Turreted,,,1,G,
128049463,Hpt_MultiCannon_Turret_Medium,hardpoint,Multi-Cannon,Turreted,,,2,F,
128049464,Hpt_MultiCannon_Turret_Large,hardpoint,Multi-Cannon,Turreted,,,3,E,ELITE_HORIZONS_V_PLANETARY_LANDINGS
128049465,Hpt_PlasmaAccelerator_Fixed_Medium,hardpoint,Plasma Accelerator,Fixed,,,2,C,
128049466,Hpt_PlasmaAccelerator_Fixed_Large,hardpoint,Plasma Accelerator,Fixed,,,3,B,
128049467,Hpt_PlasmaAccelerator_Fixed_Huge,hardpoint,Plasma Accelerator,Fixed,,,4,A,
128049488,Hpt_Railgun_Fixed_Small,hardpoint,Rail Gun,Fixed,,,1,D,
128049489,Hpt_Railgun_Fixed_Medium,hardpoint,Rail Gun,Fixed,,,2,B,
128049492,Hpt_BasicMissileRack_Fixed_Small,hardpoint,Seeker Missile Rack,Fixed,Seeker,,1,B,
128049493,Hpt_BasicMissileRack_Fixed_Medium,hardpoint,Seeker Missile Rack,Fixed,Seeker,,2,B,
128049494,Hpt_BasicMissileRack_Fixed_Large,hardpoint,Seeker Missile Rack,Fixed,Seeker,,3,A,ELITE_HORIZONS_V_PLANETARY_LANDINGS
128049500,Hpt_MineLauncher_Fixed_Small,hardpoint,Mine Launcher,Fixed,,,1,I,
128049501,Hpt_MineLauncher_Fixed_Medium,hardpoint,Mine Launcher,Fixed,,,2,I,
128049509,Hpt_AdvancedTorpPylon_Fixed_Small,hardpoint,Torpedo Pylon,Fixed,Seeker,,1,I,
128049510,Hpt_AdvancedTorpPylon_Fixed_Medium,hardpoint,Torpedo Pylon,Fixed,Seeker,,2,I,
128049511,Hpt_AdvancedTorpPylon_Fixed_Large,hardpoint,Torpedo Pylon,Fixed,Seeker,,3,I,ELITE_HORIZONS_V_PLANETARY_LANDINGS
128049513,Hpt_ChaffLauncher_Tiny,utility,Chaff Launcher,,,,0,I,
128049516,Hpt_ElectronicCountermeasure_Tiny,utility,Electronic Countermeasure,,,,0,F,
128049519,Hpt_HeatSinkLauncher_Turret_Tiny,utility,Heat Sink Launcher,,,,0,I,
128049522,Hpt_PlasmaPointDefence_Turret_Tiny,utility,Point Defence,,,,0,I,
128049525,Hpt_MiningLaser_Fixed_Small,hardpoint,Mining Laser,Fixed,,,1,D,
128049526,Hpt_MiningLaser_Fixed_Medium,hardpoint,Mining Laser,Fixed,,,2,D,
128049549,Int_DockingComputer_Standard,internal,Standard Docking Computer,,,,1,E,
128064033,Int_Powerplant_Size2_Class1,standard,Power Plant,,,,2,E,
128064034,Int_Powerplant_Size2_Class2,standard,Power Plant,,,,2,D,
128064035,Int_Powerplant_Size2_Class3,standard,Power Plant,,,,2,C,
128064036,Int_Powerplant_Size2_Class4,standard,Power Plant,,,,2,B,
128064037,Int_Powerplant_Size2_Class5,standard,Power Plant,,,,2,A,
128064038,Int_Powerplant_Size3_Class1,standard,Power Plant,,,,3,E,
128064039,Int_Powerplant_Size3_Class2,standard,Power Plant,,,,3,D,
128064040,Int_Powerplant_Size3_Class3,standard,Power Plant,,,,3,C,
128064041,Int_Powerplant_Size3_Class4,standard,Power Plant,,,,3,B,
128064042,Int_Powerplant_Size3_Class5,standard,Power Plant,,,,3,A,
128064043,Int_Powerplant_Size4_Class1,standard,Power Plant,,,,4,E,
128064044,Int_Powerplant_Size4_Class2,standard,Power Plant,,,,4,D,
128064045,Int_Powerplant_Size4_Class3,standard,Power Plant,,,,4,C,
128064046,Int_Powerplant_Size4_Class4,standard,Power Plant,,,,4,B,
128064047,Int_Powerplant_Size4_Class5,standard,Power Plant,,,,4,A,
128064048,Int_Powerplant_Size5_Class1,standard,Power Plant,,,,5,E,
128064049,Int_Powerplant_Size5_Class2,standard,Power Plant,,,,5,D,
128064050,Int_Powerplant_Size5_Class3,standard,Power Plant,,,,5,C,
128064051,Int_Powerplant_Size5_Class4,standard,Power Plant,,,,5,B,
128064052,Int_Powerplant_Size5_Class5,standard,Power Plant,,,,5,A,
128064053,Int_Powerplant_Size6_Class1,standard,Power Plant,,,,6,E,
128064054,Int_Powerplant_Size6_Class2,standard,Power Plant,,,,6,D,
128064055,Int_Powerplant_Size6_Class3,standard,Power Plant,,,,6,C,
128064056,Int_Powerplant_Size6_Class4,standard,Power Plant,,,,6,B,
128064057,Int_Powerplant_Size6_Class5,standard,Power Plant,,,,6,A,
128064058,Int_Powerplant_Size7_Class1,standard,Power Plant,,,,7,E,
128064059,Int_Powerplant_Size7_Class2,standard,Power Plant,,,,7,D,
128064060,Int_Powerplant_Size7_Class3,standard,Power Plant,,,,7,C,
128064061,Int_Powerplant_Size7_Class4,standard,Power Plant,,,,7,B,
128064062,Int_Powerplant_Size7_Class5,standard,Power Plant,,,,7,A,
128064063,Int_Powerplant_Size8_Class1,standard,Power Plant,,,,8,E,
128064064,Int_Powerplant_Size8_Class2,standard,Power Plant,,,,8,D,
128064065,Int_Powerplant_Size8_Class3,standard,Power Plant,,,,8,C,
128064066,Int_Powerplant_Size8_Class4,standard,Power Plant,,,,8,B,
128064067,Int_Powerplant_Size8_Class5,standard,Power Plant,,,,8,A,
128064068,Int_Engine_Size2_Class1,standard,Thrusters,,,,2,E,
128064069,Int_Engine_Size2_Class2,standard,Thrusters,,,,2,D,
128064070,Int_Engine_Size2_Class3,standard,Thrusters,,,,2,C,
128064071,Int_Engine_Size2_Class4,standard,Thrusters,,,,2,B,
128064072,Int_Engine_Size2_Class5,standard,Thrusters,,,,2,A,
128064073,Int_Engine_Size3_Class1,standard,Thrusters,,,,3,E,
128064074,Int_Engine_Size3_Class2,standard,Thrusters,,,,3,D,
128064075,Int_Engine_Size3_Class3,standard,Thrusters,,,,3,C,
128064076,Int_Engine_Size3_Class4,standard,Thrusters,,,,3,B,
128064077,Int_Engine_Size3_Class5,standard,Thrusters,,,,3,A,
128064078,Int_Engine_Size4_Class1,standard,Thrusters,,,,4,E,
128064079,Int_Engine_Size4_Class2,standard,Thrusters,,,,4,D,
128064080,Int_Engine_Size4_Class3,standard,Thrusters,,,,4,C,
128064081,Int_Engine_Size4_Class4,standard,Thrusters,,,,4,B,
128064082,Int_Engine_Size4_Class5,standard,Thrusters,,,,4,A,
128064083,Int_Engine_Size5_Class1,standard,Thrusters,,,,5,E,
128064084,Int_Engine_Size5_Class2,standard,Thrusters,,,,5,D,
128064085,Int_Engine_Size5_Class3,standard,Thrusters,,,,5,C,
128064086,Int_Engine_Size5_Class4,standard,Thrusters,,,,5,B,
128064087,Int_Engine_Size5_Class5,standard,Thrusters,,,,5,A,
128064088,Int_Engine_Size6_Class1,standard,Thrusters,,,,6,E,
128064089,Int_Engine_Size6_Class2,standard,Thrusters,,,,6,D,
128064090,Int_Engine_Size6_Class3,standard,Thrusters,,,,6,C,
128064091,Int_Engine_Size6_Class4,standard,Thrusters,,,,6,B,
128064092,Int_Engine_Size6_Class5,standard,Thrusters,,,,6,A,
128064093,Int_Engine_Size7_Class1,standard,Thrusters,,,,7,E,
128064094,Int_Engine_Size7_Class2,standard,Thrusters,,,,7,D,
128064095,Int_Engine_Size7_Class3,standard,Thrusters,,,,7,C,
128064096,Int_Engine_Size7_Class4,standard,Thrusters,,,,7,B,
128064097,Int_Engine_Size7_Class5,standard,Thrusters,,,,7,A,
128064098,Int_Engine_Size8_Class1,standard,Thrusters,,,,8,E,
128064099,Int_Engine_Size8_Class2,standard,Thrusters,,,,8,D,
128064100,Int_Engine_Size8_Class3,standard,Thrusters,,,,8,C,
128064101,Int_Engine_Size8_Class4,standard,Thrusters,,,,8,B,
128064102,Int_Engine_Size8_Class5,standard,Thrusters,,,,8,A,
128064103,Int_Hyperdrive_Size2_Class1,standard,Frame Shift Drive,,,,2,E,
128064104,Int_Hyperdrive_Size2_Class2,standard,Frame Shift Drive,,,,2,D,
128064105,Int_Hyperdrive_Size2_Class3,standard,Frame Shift Drive,,,,2,C,
128064106,Int_Hyperdrive_Size2_Class4,standard,Frame Shift Drive,,,,2,B,
128064107,Int_Hyperdrive_Size2_Class5,standard,Frame Shift Drive,,,,2,A,
128064108,Int_Hyperdrive_Size3_Class1,standard,Frame Shift Drive,,,,3,E,
128064109,Int_Hyperdrive_Size3_Class2,standard,Frame Shift Drive,,,,3,D,
128064110,Int_Hyperdrive_Size3_Class3,standard,Frame Shift Drive,,,,3,C,
128064111,Int_Hyperdrive_Size3_Class4,standard,Frame Shift Drive,,,,3,B,
128064112,Int_Hyperdrive_Size3_Class5,standard,Frame Shift Drive,,,,3,A,
128064113,Int_Hyperdrive_Size4_Class1,standard,Frame Shift Drive,,,,4,E,
128064114,Int_Hyperdrive_Size4_Class2,standard,Frame Shift Drive,,,,4,D,
128064115,Int_Hyperdrive_Size4_Class3,standard,Frame Shift Drive,,,,4,C,
128064116,Int_Hyperdrive_Size4_Class4,standard,Frame Shift Drive,,,,4,B,
128064117,Int_Hyperdrive_Size4_Class5,standard,Frame Shift Drive,,,,4,A,
128064118,Int_Hyperdrive_Size5_Class1,standard,Frame Shift Drive,,,,5,E,
128064119,Int_Hyperdrive_Size5_Class2,standard,Frame Shift Drive,,,,5,D,
128064120,Int_Hyperdrive_Size5_Class3,standard,Frame Shift Drive,,,,5,C,
128064121,Int_Hyperdrive_Size5_Class4,standard,Frame Shift Drive,,,,5,B,
128064122,Int_Hyperdrive_Size5_Class5,standard,Frame Shift Drive,,,,5,A,
128064123,Int_Hyperdrive_Size6_Class1,standard,Frame Shift Drive,,,,6,E,
128064124,Int_Hyperdrive_Size6_Class2,standard,Frame Shift Drive,,,,6,D,
128064125,Int_Hyperdrive_Size6_Class3,standard,Frame Shift Drive,,,,6,C,
128064126,Int_Hyperdrive_Size6_Class4,standard,Frame Shift Drive,,,,6,B,
128064127,Int_Hyperdrive_Size6_Class5,standard,Frame Shift Drive,,,,6,A,
128064128,Int_Hyperdrive_Size7_Class1,standard,Frame Shift Drive,,,,7,E,
128064129,Int_Hyperdrive_Size7_Class2,standard,Frame Shift Drive,,,,7,D,
128064130,Int_Hyperdrive_Size7_Class3,standard,Frame Shift Drive,,,,7,C,
128064131,Int_Hyperdrive_Size7_Class4,standard,Frame Shift Drive,,,,7,B,
128064132,Int_Hyperdrive_Size7_Class5,standard,Frame Shift Drive,,,,7,A,
128064133,Int_Hyperdrive_Size8_Class1,standard,Frame Shift Drive,,,,8,E,
128064134,Int_Hyperdrive_Size8_Class2,standard,Frame Shift Drive,,,,8,D,
128064135,Int_Hyperdrive_Size8_Class3,standard,Frame Shift Drive,,,,8,C,
128064136,Int_Hyperdrive_Size8_Class4,standard,Frame Shift Drive,,,,8,B,
128064137,Int_Hyperdrive_Size8_Class5,standard,Frame Shift Drive,,,,8,A,
128064138,Int_LifeSupport_Size1_Class1,standard,Life Support,,,,1,E,
128064139,Int_LifeSupport_Size1_Class2,standard,Life Support,,,,1,D,
128064140,Int_LifeSupport_Size1_Class3,standard,Life Support,,,,1,C,
128064141,Int_LifeSupport_Size1_Class4,standard,Life Support,,,,1,B,
128064142,Int_LifeSupport_Size1_Class5,standard,Life Support,,,,1,A,
128064143,Int_LifeSupport_Size2_Class1,standard,Life Support,,,,2,E,
128064144,Int_LifeSupport_Size2_Class2,standard,Life Support,,,,2,D,
128064145,Int_LifeSupport_Size2_Class3,standard,Life Support,,,,2,C,
128064146,Int_LifeSupport_Size2_Class4,standard,Life Support,,,,2,B,
128064147,Int_LifeSupport_Size2_Class5,standard,Life Support,,,,2,A,
128064148,Int_LifeSupport_Size3_Class1,standard,Life Support,,,,3,E,
128064149,Int_LifeSupport_Size3_Class2,standard,Life Support,,,,3,D,
128064150,Int_LifeSupport_Size3_Class3,standard,Life Support,,,,3,C,
128064151,Int_LifeSupport_Size3_Class4,standard,Life Support,,,,3,B,
128064152,Int_LifeSupport_Size3_Class5,standard,Life Support,,,,3,A,
128064153,Int_LifeSupport_Size4_Class1,standard,Life Support,,,,4,E,
128064154,Int_LifeSupport_Size4_Class2,standard,Life Support,,,,4,D,
128064155,Int_LifeSupport_Size4_Class3,standard,Life Support,,,,4,C,
128064156,Int_LifeSupport_Size4_Class4,standard,Life Support,,,,4,B,
128064157,Int_LifeSupport_Size4_Class5,standard,Life Support,,,,4,A,
128064158,Int_LifeSupport_Size5_Class1,standard,Life Support,,,,5,E,
128064159,Int_LifeSupport_Size5_Class2,standard,Life Support,,,,5,D,
128064160,Int_LifeSupport_Size5_Class3,standard,Life Support,,,,5,C,
128064161,Int_LifeSupport_Size5_Class4,standard,Life Support,,,,5,B,
128064162,Int_LifeSupport_Size5_Class5,standard,Life Support,,,,5,A,
128064163,Int_LifeSupport_Size6_Class1,standard,Life Support,,,,6,E,
128064164,Int_LifeSupport_Size6_Class2,standard,Life Support,,,,6,D,
128064165,Int_LifeSupport_Size6_Class3,standard,Life Support,,,,6,C,
128064166,Int_LifeSupport_Size6_Class4,standard,Life Support,,,,6,B,
128064167,Int_LifeSupport_Size6_Class5,standard,Life Support,,,,6,A,
128064168,Int_LifeSupport_Size7_Class1,standard,Life Support,,,,7,E,
128064169,Int_LifeSupport_Size7_Class2,standard,Life Support,,,,7,D,
128064170,Int_LifeSupport_Size7_Class3,standard,Life Support,,,,7,C,
128064171,Int_LifeSupport_Size7_Class4,standard,Life Support,,,,7,B,
128064172,Int_LifeSupport_Size7_Class5,standard,Life Support,,,,7,A,
128064173,Int_LifeSupport_Size8_Class1,standard,Life Support,,,,8,E,
128064174,Int_LifeSupport_Size8_Class2,standard,Life Support,,,,8,D,
128064175,Int_LifeSupport_Size8_Class3,standard,Life Support,,,,8,C,
128064176,Int_LifeSupport_Size8_Class4,standard,Life Support,,,,8,B,
128064177,Int_LifeSupport_Size8_Class5,standard,Life Support,,,,8,A,
128064178,Int_PowerDistributor_Size1_Class1,standard,Power Distributor,,,,1,E,
128064179,Int_PowerDistributor_Size1_Class2,standard,Power Distributor,,,,1,D,
128064180,Int_PowerDistributor_Size1_Class3,standard,Power Distributor,,,,1,C,
128064181,Int_PowerDistributor_Size1_Class4,standard,Power Distributor,,,,1,B,
128064182,Int_PowerDistributor_Size1_Class5,standard,Power Distributor,,,,1,A,
128064183,Int_PowerDistributor_Size2_Class1,standard,Power Distributor,,,,2,E,
128064184,Int_PowerDistributor_Size2_Class2,standard,Power Distributor,,,,2,D,
128064185,Int_PowerDistributor_Size2_Class3,standard,Power Distributor,,,,2,C,
128064186,Int_PowerDistributor_Size2_Class4,standard,Power Distributor,,,,2,B,
128064187,Int_PowerDistributor_Size2_Class5,standard,Power Distributor,,,,2,A,
128064188,Int_PowerDistributor_Size3_Class1,standard,Power Distributor,,,,3,E,
128064189,Int_PowerDistributor_Size3_Class2,standard,Power Distributor,,,,3,D,
128064190,Int_PowerDistributor_Size3_Class3,standard,Power Distributor,,,,3,C,
128064191,Int_PowerDistributor_Size3_Class4,standard,Power Distributor,,,,3,B,
128064192,Int_PowerDistributor_Size3_Class5,standard,Power Distributor,,,,3,A,
128064193,Int_PowerDistributor_Size4_Class1,standard,Power Distributor,,,,4,E,
128064194,Int_PowerDistributor_Size4_Class2,standard,Power Distributor,,,,4,D,
128064195,Int_PowerDistributor_Size4_Class3,standard,Power Distributor,,,,4,C,
128064196,Int_PowerDistributor_Size4_Class4,standard,Power Distributor,,,,4,B,
128064197,Int_PowerDistributor_Size4_Class5,standard,Power Distributor,,,,4,A,
128064198,Int_PowerDistributor_Size5_Class1,standard,Power Distributor,,,,5,E,
128064199,Int_PowerDistributor_Size5_Class2,standard,Power Distributor,,,,5,D,
128064200,Int_PowerDistributor_Size5_Class3,standard,Power Distributor,,,,5,C,
128064201,Int_PowerDistributor_Size5_Class4,standard,Power Distributor,,,,5,B,
128064202,Int_PowerDistributor_Size5_Class5,standard,Power Distributor,,,,5,A,
128064203,Int_PowerDistributor_Size6_Class1,standard,Power Distributor,,,,6,E,
128064204,Int_PowerDistributor_Size6_Class2,standard,Power Distributor,,,,6,D,
128064205,Int_PowerDistributor_Size6_Class3,standard,Power Distributor,,,,6,C,
128064206,Int_PowerDistributor_Size6_Class4,standard,Power Distributor,,,,6,B,
128064207,Int_PowerDistributor_Size6_Class5,standard,Power Distributor,,,,6,A,
128064208,Int_PowerDistributor_Size7_Class1,standard,Power Distributor,,,,7,E,
128064209,Int_PowerDistributor_Size7_Class2,standard,Power Distributor,,,,7,D,
128064210,Int_PowerDistributor_Size7_Class3,standard,Power Distributor,,,,7,C,
128064211,Int_PowerDistributor_Size7_Class4,standard,Power Distributor,,,,7,B,
128064212,Int_PowerDistributor_Size7_Class5,standard,Power Distributor,,,,7,A,
128064213,Int_PowerDistributor_Size8_Class1,standard,Power Distributor,,,,8,E,
128064214,Int_PowerDistributor_Size8_Class2,standard,Power Distributor,,,,8,D,
128064215,Int_PowerDistributor_Size8_Class3,standard,Power Distributor,,,,8,C,
128064216,Int_PowerDistributor_Size8_Class4,standard,Power Distributor,,,,8,B,
128064217,Int_PowerDistributor_Size8_Class5,standard,Power Distributor,,,,8,A,
128064218,Int_Sensors_Size1_Class1,standard,Sensors,,,,1,E,
128064219,Int_Sensors_Size1_Class2,standard,Sensors,,,,1,D,
128064220,Int_Sensors_Size1_Class3,standard,Sensors,,,,1,C,
128064221,Int_Sensors_Size1_Class4,standard,Sensors,,,,1,B,
128064222,Int_Sensors_Size1_Class5,standard,Sensors,,,,1,A,
128064223,Int_Sensors_Size2_Class1,standard,Sensors,,,,2,E,
128064224,Int_Sensors_Size2_Class2,standard,Sensors,,,,2,D,
128064225,Int_Sensors_Size2_Class3,standard,Sensors,,,,2,C,
128064226,Int_Sensors_Size2_Class4,standard,Sensors,,,,2,B,
128064227,Int_Sensors_Size2_Class5,standard,Sensors,,,,2,A,
128064228,Int_Sensors_Size3_Class1,standard,Sensors,,,,3,E,
128064229,Int_Sensors_Size3_Class2,standard,Sensors,,,,3,D,
128064230,Int_Sensors_Size3_Class3,standard,Sensors,,,,3,C,
128064231,Int_Sensors_Size3_Class4,standard,Sensors,,,,3,B,
128064232,Int_Sensors_Size3_Class5,standard,Sensors,,,,3,A,
128064233,Int_Sensors_Size4_Class1,standard,Sensors,,,,4,E,
128064234,Int_Sensors_Size4_Class2,standard,Sensors,,,,4,D,
128064235,Int_Sensors_Size4_Class3,standard,Sensors,,,,4,C,
128064236,Int_Sensors_Size4_Class4,standard,Sensors,,,,4,B,
128064237,Int_Sensors_Size4_Class5,standard,Sensors,,,,4,A,
128064238,Int_Sensors_Size5_Class1,standard,Sensors,,,,5,E,
128064239,Int_Sensors_Size5_Class2,standard,Sensors,,,,5,D,
128064240,Int_Sensors_Size5_Class3,standard,Sensors,,,,5,C,
128064241,Int_Sensors_Size5_Class4,standard,Sensors,,,,5,B,
128064242,Int_Sensors_Size5_Class5,standard,Sensors,,,,5,A,
128064243,Int_Sensors_Size6_Class1,standard,Sensors,,,,6,E,
128064244,Int_Sensors_Size6_Class2,standard,Sensors,,,,6,D,
128064245,Int_Sensors_Size6_Class3,standard,Sensors,,,,6,C,
128064246,Int_Sensors_Size6_Class4,standard,Sensors,,,,6,B,
128064247,Int_Sensors_Size6_Class5,standard,Sensors,,,,6,A,
128064248,Int_Sensors_Size7_Class1,standard,Sensors,,,,7,E,
128064249,Int_Sensors_Size7_Class2,standard,Sensors,,,,7,D,
128064250,Int_Sensors_Size7_Class3,standard,Sensors,,,,7,C,
128064251,Int_Sensors_Size7_Class4,standard,Sensors,,,,7,B,
128064252,Int_Sensors_Size7_Class5,standard,Sensors,,,,7,A,
128064253,Int_Sensors_Size8_Class1,standard,Sensors,,,,8,E,
128064254,Int_Sensors_Size8_Class2,standard,Sensors,,,,8,D,
128064255,Int_Sensors_Size8_Class3,standard,Sensors,,,,8,C,
128064256,Int_Sensors_Size8_Class4,standard,Sensors,,,,8,B,
128064257,Int_Sensors_Size8_Class5,standard,Sensors,,,,8,A,
128064258,Int_ShieldGenerator_Size1_Class1,internal,Shield Generator,,,,1,E,
128064259,Int_ShieldGenerator_Size1_Class2,internal,Shield Generator,,,,1,D,
128064260,Int_ShieldGenerator_Size1_Class3,internal,Shield Generator,,,,1,C,
128064262,Int_ShieldGenerator_Size1_Class5,internal,Shield Generator,,,,1,A,
128064263,Int_ShieldGenerator_Size2_Class1,internal,Shield Generator,,,,2,E,
128064264,Int_ShieldGenerator_Size2_Class2,internal,Shield Generator,,,,2,D,
128064265,Int_ShieldGenerator_Size2_Class3,internal,Shield Generator,,,,2,C,
128064266,Int_ShieldGenerator_Size2_Class4,internal,Shield Generator,,,,2,B,
128064267,Int_ShieldGenerator_Size2_Class5,internal,Shield Generator,,,,2,A,
128064268,Int_ShieldGenerator_Size3_Class1,internal,Shield Generator,,,,3,E,
128064269,Int_ShieldGenerator_Size3_Class2,internal,Shield Generator,,,,3,D,
128064270,Int_ShieldGenerator_Size3_Class3,internal,Shield Generator,,,,3,C,
128064271,Int_ShieldGenerator_Size3_Class4,internal,Shield Generator,,,,3,B,
128064272,Int_ShieldGenerator_Size3_Class5,internal,Shield Generator,,,,3,A,
128064273,Int_ShieldGenerator_Size4_Class1,internal,Shield Generator,,,,4,E,
128064274,Int_ShieldGenerator_Size4_Class2,internal,Shield Generator,,,,4,D,
128064275,Int_ShieldGenerator_Size4_Class3,internal,Shield Generator,,,,4,C,
128064276,Int_ShieldGenerator_Size4_Class4,internal,Shield Generator,,,,4,B,
128064277,Int_ShieldGenerator_Size4_Class5,internal,Shield Generator,,,,4,A,
128064278,Int_ShieldGenerator_Size5_Class1,internal,Shield Generator,,,,5,E,
128064279,Int_ShieldGenerator_Size5_Class2,internal,Shield Generator,,,,5,D,
128064280,Int_ShieldGenerator_Size5_Class3,internal,Shield Generator,,,,5,C,
128064281,Int_ShieldGenerator_Size5_Class4,internal,Shield Generator,,,,5,B,
128064282,Int_ShieldGenerator_Size5_Class5,internal,Shield Generator,,,,5,A,
128064283,Int_ShieldGenerator_Size6_Class1,internal,Shield Generator,,,,6,E,
128064284,Int_ShieldGenerator_Size6_Class2,internal,Shield Generator,,,,6,D,
128064285,Int_ShieldGenerator_Size6_Class3,internal,Shield Generator,,,,6,C,
128064286,Int_ShieldGenerator_Size6_Class4,internal,Shield Generator,,,,6,B,
128064287,Int_ShieldGenerator_Size6_Class5,internal,Shield Generator,,,,6,A,
128064288,Int_ShieldGenerator_Size7_Class1,internal,Shield Generator,,,,7,E,
128064289,Int_ShieldGenerator_Size7_Class2,internal,Shield Generator,,,,7,D,
128064290,Int_ShieldGenerator_Size7_Class3,internal,Shield Generator,,,,7,C,
128064291,Int_ShieldGenerator_Size7_Class4,internal,Shield Generator,,,,7,B,
128064292,Int_ShieldGenerator_Size7_Class5,internal,Shield Generator,,,,7,A,
128064293,Int_ShieldGenerator_Size8_Class1,internal,Shield Generator,,,,8,E,
128064294,Int_ShieldGenerator_Size8_Class2,internal,Shield Generator,,,,8,D,
128064295,Int_ShieldGenerator_Size8_Class3,internal,Shield Generator,,,,8,C,
128064296,Int_ShieldGenerator_Size8_Class4,internal,Shield Generator,,,,8,B,
128064297,Int_ShieldGenerator_Size8_Class5,internal,Shield Generator,,,,8,A,
128064298,Int_ShieldCellBank_Size1_Class1,internal,Shield Cell Bank,,,,1,E,
128064299,Int_ShieldCellBank_Size1_Class2,internal,Shield Cell Bank,,,,1,D,
128064300,Int_ShieldCellBank_Size1_Class3,internal,Shield Cell Bank,,,,1,C,
128064301,Int_ShieldCellBank_Size1_Class4,internal,Shield Cell Bank,,,,1,B,
128064302,Int_ShieldCellBank_Size1_Class5,internal,Shield Cell Bank,,,,1,A,
128064303,Int_ShieldCellBank_Size2_Class1,internal,Shield Cell Bank,,,,2,E,
128064304,Int_ShieldCellBank_Size2_Class2,internal,Shield Cell Bank,,,,2,D,
128064305,Int_ShieldCellBank_Size2_Class3,internal,Shield Cell Bank,,,,2,C,
128064306,Int_ShieldCellBank_Size2_Class4,internal,Shield Cell Bank,,,,2,B,
128064307,Int_ShieldCellBank_Size2_Class5,internal,Shield Cell Bank,,,,2,A,
128064308,Int_ShieldCellBank_Size3_Class1,internal,Shield Cell Bank,,,,3,E,
128064309,Int_ShieldCellBank_Size3_Class2,internal,Shield Cell Bank,,,,3,D,
128064310,Int_ShieldCellBank_Size3_Class3,internal,Shield Cell Bank,,,,3,C,
128064311,Int_ShieldCellBank_Size3_Class4,internal,Shield Cell Bank,,,,3,B,
128064312,Int_ShieldCellBank_Size3_Class5,internal,Shield Cell Bank,,,,3,A,
128064313,Int_ShieldCellBank_Size4_Class1,internal,Shield Cell Bank,,,,4,E,
128064314,Int_ShieldCellBank_Size4_Class2,internal,Shield Cell Bank,,,,4,D,
128064315,Int_ShieldCellBank_Size4_Class3,internal,Shield Cell Bank,,,,4,C,
128064316,Int_ShieldCellBank_Size4_Class4,internal,Shield Cell Bank,,,,4,B,
128064317,Int_ShieldCellBank_Size4_Class5,internal,Shield Cell Bank,,,,4,A,
128064318,Int_ShieldCellBank_Size5_Class1,internal,Shield Cell Bank,,,,5,E,
128064319,Int_ShieldCellBank_Size5_Class2,internal,Shield Cell Bank,,,,5,D,
128064320,Int_ShieldCellBank_Size5_Class3,internal,Shield Cell Bank,,,,5,C,
128064321,Int_ShieldCellBank_Size5_Class4,internal,Shield Cell Bank,,,,5,B,
128064322,Int_ShieldCellBank_Size5_Class5,internal,Shield Cell Bank,,,,5,A,
128064323,Int_ShieldCellBank_Size6_Class1,internal,Shield Cell Bank,,,,6,E,
128064324,Int_ShieldCellBank_Size6_Class2,internal,Shield Cell Bank,,,,6,D,
128064325,Int_ShieldCellBank_Size6_Class3,internal,Shield Cell Bank,,,,6,C,
128064326,Int_ShieldCellBank_Size6_Class4,internal,Shield Cell Bank,,,,6,B,
128064327,Int_ShieldCellBank_Size6_Class5,internal,Shield Cell Bank,,,,6,A,
128064328,Int_ShieldCellBank_Size7_Class1,internal,Shield Cell Bank,,,,7,E,
128064329,Int_ShieldCellBank_Size7_Class2,internal,Shield Cell Bank,,,,7,D,
128064330,Int_ShieldCellBank_Size7_Class3,internal,Shield Cell Bank,,,,7,C,
128064331,Int_ShieldCellBank_Size7_Class4,internal,Shield Cell Bank,,,,7,B,
128064332,Int_ShieldCellBank_Size7_Class5,internal,Shield Cell Bank,,,,7,A,
128064333,Int_ShieldCellBank_Size8_Class1,internal,Shield Cell Bank,,,,8,E,
128064334,Int_ShieldCellBank_Size8_Class2,internal,Shield Cell Bank,,,,8,D,
128064335,Int_ShieldCellBank_Size8_Class3,internal,Shield Cell Bank,,,,8,C,
128064336,Int_ShieldCellBank_Size8_Class4,internal,Shield Cell Bank,,,,8,B,
128064337,Int_ShieldCellBank_Size8_Class5,internal,Shield Cell Bank,,,,8,A,
128064338,Int_CargoRack_Size1_Class1,internal,Cargo Rack,,,,1,E,
128064339,Int_CargoRack_Size2_Class1,internal,Cargo Rack,,,,2,E,
128064340,Int_CargoRack_Size3_Class1,internal,Cargo Rack,,,,3,E,
128064341,Int_CargoRack_Size4_Class1,internal,Cargo Rack,,,,4,E,
128064342,Int_CargoRack_Size5_Class1,internal,Cargo Rack,,,,5,E,
128064343,Int_CargoRack_Size6_Class1,internal,Cargo Rack,,,,6,E,
128064344,Int_CargoRack_Size7_Class1,internal,Cargo Rack,,,,7,E,
128064345,Int_CargoRack_Size8_Class1,internal,Cargo Rack,,,,8,E,
128064346,Int_FuelTank_Size1_Class3,standard,Fuel Tank,,,,1,C,
128064347,Int_FuelTank_Size2_Class3,standard,Fuel Tank,,,,2,C,
128064348,Int_FuelTank_Size3_Class3,standard,Fuel Tank,,,,3,C,
128064349,Int_FuelTank_Size4_Class3,standard,Fuel Tank,,,,4,C,
128064350,Int_FuelTank_Size5_Class3,standard,Fuel Tank,,,,5,C,
128064351,Int_FuelTank_Size6_Class3,standard,Fuel Tank,,,,6,C,
128064352,Int_FuelTank_Size7_Class3,standard,Fuel Tank,,,,7,C,
128064353,Int_FuelTank_Size8_Class3,standard,Fuel Tank,,,,8,C,
128066402,Int_DroneControl_ResourceSiphon,internal,Limpet Control,,,,1,I,
128066532,Int_DroneControl_ResourceSiphon_Size1_Class1,internal,Hatch Breaker Limpet Controller,,,,1,E,
128066533,Int_DroneControl_ResourceSiphon_Size1_Class2,internal,Hatch Breaker Limpet Controller,,,,1,D,
128066534,Int_DroneControl_ResourceSiphon_Size1_Class3,internal,Hatch Breaker Limpet Controller,,,,1,C,
128066535,Int_DroneControl_ResourceSiphon_Size1_Class4,internal,Hatch Breaker Limpet Controller,,,,1,B,
128066536,Int_DroneControl_ResourceSiphon_Size1_Class5,internal,Hatch Breaker Limpet Controller,,,,1,A,
128066537,Int_DroneControl_ResourceSiphon_Size3_Class1,internal,Hatch Breaker Limpet Controller,,,,3,E,
128066538,Int_DroneControl_ResourceSiphon_Size3_Class2,internal,Hatch Breaker Limpet Controller,,,,3,D,
128066539,Int_DroneControl_ResourceSiphon_Size3_Class3,internal,Hatch Breaker Limpet Controller,,,,3,C,
128066540,Int_DroneControl_ResourceSiphon_Size3_Class4,internal,Hatch Breaker Limpet Controller,,,,3,B,
128066541,Int_DroneControl_ResourceSiphon_Size3_Class5,internal,Hatch Breaker Limpet Controller,,,,3,A,
128066542,Int_DroneControl_ResourceSiphon_Size5_Class1,internal,Hatch Breaker Limpet Controller,,,,5,E,
128066543,Int_DroneControl_ResourceSiphon_Size5_Class2,internal,Hatch Breaker Limpet Controller,,,,5,D,
128066544,Int_DroneControl_ResourceSiphon_Size5_Class3,internal,Hatch Breaker Limpet Controller,,,,5,C,
128066545,Int_DroneControl_ResourceSiphon_Size5_Class4,internal,Hatch Breaker Limpet Controller,,,,5,B,
128066546,Int_DroneControl_ResourceSiphon_Size5_Class5,internal,Hatch Breaker Limpet Controller,,,,5,A,
128066547,Int_DroneControl_ResourceSiphon_Size7_Class1,internal,Hatch Breaker Limpet Controller,,,,7,E,
128066548,Int_DroneControl_ResourceSiphon_Size7_Class2,internal,Hatch Breaker Limpet Controller,,,,7,D,
128066549,Int_DroneControl_ResourceSiphon_Size7_Class3,internal,Hatch Breaker Limpet Controller,,,,7,C,
128066550,Int_DroneControl_ResourceSiphon_Size7_Class4,internal,Hatch Breaker Limpet Controller,,,,7,B,
128066551,Int_DroneControl_ResourceSiphon_Size7_Class5,internal,Hatch Breaker Limpet Controller,,,,7,A,
128662520,Hpt_CargoScanner_Size0_Class1,utility,Cargo Scanner,,,,0,E,
128662521,Hpt_CargoScanner_Size0_Class2,utility,Cargo Scanner,,,,0,D,
128662522,Hpt_CargoScanner_Size0_Class3,utility,Cargo Scanner,,,,0,C,
128662523,Hpt_CargoScanner_Size0_Class4,utility,Cargo Scanner,,,,0,B,
128662524,Hpt_CargoScanner_Size0_Class5,utility,Cargo Scanner,,,,0,A,
128662525,Hpt_CloudScanner_Size0_Class1,utility,Frame Shift Wake Scanner,,,,0,E,
128662526,Hpt_CloudScanner_Size0_Class2,utility,Frame Shift Wake Scanner,,,,0,D,
128662527,Hpt_CloudScanner_Size0_Class3,utility,Frame Shift Wake Scanner,,,,0,C,
128662528,Hpt_CloudScanner_Size0_Class4,utility,Frame Shift Wake Scanner,,,,0,B,
128662529,Hpt_CloudScanner_Size0_Class5,utility,Frame Shift Wake Scanner,,,,0,A,
128662530,Hpt_CrimeScanner_Size0_Class1,utility,Kill Warrant Scanner,,,,0,E,
128662531,Hpt_CrimeScanner_Size0_Class2,utility,Kill Warrant Scanner,,,,0,D,
128662532,Hpt_CrimeScanner_Size0_Class3,utility,Kill Warrant Scanner,,,,0,C,
128662533,Hpt_CrimeScanner_Size0_Class4,utility,Kill Warrant Scanner,,,,0,B,
128662534,Hpt_CrimeScanner_Size0_Class5,utility,Kill Warrant Scanner,,,,0,A,
128662535,Int_StellarBodyDiscoveryScanner_Standard,internal,Basic Discovery Scanner,,,,1,E,removed
128663560,Int_StellarBodyDiscoveryScanner_Intermediate,internal,Intermediate Discovery Scanner,,,,1,D,removed
128663561,Int_StellarBodyDiscoveryScanner_Advanced,internal,Advanced Discovery Scanner,,,,1,C,removed
128666634,Int_DetailedSurfaceScanner_Tiny,internal,Detailed Surface Scanner,,,,1,I,
128666635,Int_PowerPlant_Size2_Class1_free,standard,Power Plant,,,,2,E,
128666636,Int_Engine_Size2_Class1_free,standard,Thrusters,,,,2,E,
128666637,Int_Hyperdrive_Size2_Class1_free,standard,Frame Shift Drive,,,,2,E,
128666638,Int_LifeSupport_Size1_Class1_free,standard,Life Support,,,,1,E,
128666639,Int_PowerDistributor_Size1_Class1_free,standard,Power Distributor,,,,1,E,
128666640,Int_Sensors_Size1_Class1_free,standard,Sensors,,,,1,E,
128666641,Int_ShieldGenerator_Size2_Class1_free,internal,Shield Generator,,,,2,E,
128666642,Int_StellarBodyDiscoveryScanner_Standard_free,internal,Basic Discovery Scanner,,,,1,E,
128666643,Int_CargoRack_Size2_Class1_free,internal,Cargo Rack,,,,2,E,
128666644,Int_FuelScoop_Size1_Class1,internal,Fuel Scoop,,,,1,E,
128666645,Int_FuelScoop_Size2_Class1,internal,Fuel Scoop,,,,2,E,
128666646,Int_FuelScoop_Size3_Class1,internal,Fuel Scoop,,,,3,E,
128666647,Int_FuelScoop_Size4_Class1,internal,Fuel Scoop,,,,4,E,
128666648,Int_FuelScoop_Size5_Class1,internal,Fuel Scoop,,,,5,E,
128666649,Int_FuelScoop_Size6_Class1,internal,Fuel Scoop,,,,6,E,
128666650,Int_FuelScoop_Size7_Class1,internal,Fuel Scoop,,,,7,E,
128666651,Int_FuelScoop_Size8_Class1,internal,Fuel Scoop,,,,8,E,
128666652,Int_FuelScoop_Size1_Class2,internal,Fuel Scoop,,,,1,D,
128666653,Int_FuelScoop_Size2_Class2,internal,Fuel Scoop,,,,2,D,
128666654,Int_FuelScoop_Size3_Class2,internal,Fuel Scoop,,,,3,D,
128666655,Int_FuelScoop_Size4_Class2,internal,Fuel Scoop,,,,4,D,
128666656,Int_FuelScoop_Size5_Class2,internal,Fuel Scoop,,,,5,D,
128666657,Int_FuelScoop_Size6_Class2,internal,Fuel Scoop,,,,6,D,
128666658,Int_FuelScoop_Size7_Class2,internal,Fuel Scoop,,,,7,D,
128666659,Int_FuelScoop_Size8_Class2,internal,Fuel Scoop,,,,8,D,
128666660,Int_FuelScoop_Size1_Class3,internal,Fuel Scoop,,,,1,C,
128666661,Int_FuelScoop_Size2_Class3,internal,Fuel Scoop,,,,2,C,
128666662,Int_FuelScoop_Size3_Class3,internal,Fuel Scoop,,,,3,C,
128666663,Int_FuelScoop_Size4_Class3,internal,Fuel Scoop,,,,4,C,
128666664,Int_FuelScoop_Size5_Class3,internal,Fuel Scoop,,,,5,C,
128666665,Int_FuelScoop_Size6_Class3,internal,Fuel Scoop,,,,6,C,
128666666,Int_FuelScoop_Size7_Class3,internal,Fuel Scoop,,,,7,C,
128666667,Int_FuelScoop_Size8_Class3,internal,Fuel Scoop,,,,8,C,
128666668,Int_FuelScoop_Size1_Class4,internal,Fuel Scoop,,,,1,B,
128666669,Int_FuelScoop_Size2_Class4,internal,Fuel Scoop,,,,2,B,
128666670,Int_FuelScoop_Size3_Class4,internal,Fuel Scoop,,,,3,B,
128666671,Int_FuelScoop_Size4_Class4,internal,Fuel Scoop,,,,4,B,
128666672,Int_FuelScoop_Size5_Class4,internal,Fuel Scoop,,,,5,B,
128666673,Int_FuelScoop_Size6_Class4,internal,Fuel Scoop,,,,6,B,
128666674,Int_FuelScoop_Size7_Class4,internal,Fuel Scoop,,,,7,B,
128666675,Int_FuelScoop_Size8_Class4,internal,Fuel Scoop,,,,8,B,
128666676,Int_FuelScoop_Size1_Class5,internal,Fuel Scoop,,,,1,A,
128666677,Int_FuelScoop_Size2_Class5,internal,Fuel Scoop,,,,2,A,
128666678,Int_FuelScoop_Size3_Class5,internal,Fuel Scoop,,,,3,A,
128666679,Int_FuelScoop_Size4_Class5,internal,Fuel Scoop,,,,4,A,
128666680,Int_FuelScoop_Size5_Class5,internal,Fuel Scoop,,,,5,A,
128666681,Int_FuelScoop_Size6_Class5,internal,Fuel Scoop,,,,6,A,
128666682,Int_FuelScoop_Size7_Class5,internal,Fuel Scoop,,,,7,A,
128666683,Int_FuelScoop_Size8_Class5,internal,Fuel Scoop,,,,8,A,
128666684,Int_Refinery_Size1_Class1,internal,Refinery,,,,1,E,
128666685,Int_Refinery_Size2_Class1,internal,Refinery,,,,2,E,
128666686,Int_Refinery_Size3_Class1,internal,Refinery,,,,3,E,
128666687,Int_Refinery_Size4_Class1,internal,Refinery,,,,4,E,
128666688,Int_Refinery_Size1_Class2,internal,Refinery,,,,1,D,
128666689,Int_Refinery_Size2_Class2,internal,Refinery,,,,2,D,
128666690,Int_Refinery_Size3_Class2,internal,Refinery,,,,3,D,
128666691,Int_Refinery_Size4_Class2,internal,Refinery,,,,4,D,
128666692,Int_Refinery_Size1_Class3,internal,Refinery,,,,1,C,
128666693,Int_Refinery_Size2_Class3,internal,Refinery,,,,2,C,
128666694,Int_Refinery_Size3_Class3,internal,Refinery,,,,3,C,
128666695,Int_Refinery_Size4_Class3,internal,Refinery,,,,4,C,
128666696,Int_Refinery_Size1_Class4,internal,Refinery,,,,1,B,
128666697,Int_Refinery_Size2_Class4,internal,Refinery,,,,2,B,
128666698,Int_Refinery_Size3_Class4,internal,Refinery,,,,3,B,
128666699,Int_Refinery_Size4_Class4,internal,Refinery,,,,4,B,
128666700,Int_Refinery_Size1_Class5,internal,Refinery,,,,1,A,
128666701,Int_Refinery_Size2_Class5,internal,Refinery,,,,2,A,
128666702,Int_Refinery_Size3_Class5,internal,Refinery,,,,3,A,
128666703,Int_Refinery_Size4_Class5,internal,Refinery,,,,4,A,
128666704,Int_FSDInterdictor_Size1_Class1,internal,Frame Shift Drive Interdictor,,,,1,E,
128666705,Int_FSDInterdictor_Size2_Class1,internal,Frame Shift Drive Interdictor,,,,2,E,
128666706,Int_FSDInterdictor_Size3_Class1,internal,Frame Shift Drive Interdictor,,,,3,E,
128666707,Int_FSDInterdictor_Size4_Class1,internal,Frame Shift Drive Interdictor,,,,4,E,
128666708,Int_FSDInterdictor_Size1_Class2,internal,Frame Shift Drive Interdictor,,,,1,D,
128666709,Int_FSDInterdictor_Size2_Class2,internal,Frame Shift Drive Interdictor,,,,2,D,
128666710,Int_FSDInterdictor_Size3_Class2,internal,Frame Shift Drive Interdictor,,,,3,D,
128666711,Int_FSDInterdictor_Size4_Class2,internal,Frame Shift Drive Interdictor,,,,4,D,
128666712,Int_FSDInterdictor_Size1_Class3,internal,Frame Shift Drive Interdictor,,,,1,C,
128666713,Int_FSDInterdictor_Size2_Class3,internal,Frame Shift Drive Interdictor,,,,2,C,
128666714,Int_FSDInterdictor_Size3_Class3,internal,Frame Shift Drive Interdictor,,,,3,C,
128666715,Int_FSDInterdictor_Size4_Class3,internal,Frame Shift Drive Interdictor,,,,4,C,
128666716,Int_FSDInterdictor_Size1_Class4,internal,Frame Shift Drive Interdictor,,,,1,B,
128666717,Int_FSDInterdictor_Size2_Class4,internal,Frame Shift Drive Interdictor,,,,2,B,
128666718,Int_FSDInterdictor_Size3_Class4,internal,Frame Shift Drive Interdictor,,,,3,B,
128666719,Int_FSDInterdictor_Size4_Class4,internal,Frame Shift Drive Interdictor,,,,4,B,
128666720,Int_FSDInterdictor_Size1_Class5,internal,Frame Shift Drive Interdictor,,,,1,A,
128666721,Int_FSDInterdictor_Size2_Class5,internal,Frame Shift Drive Interdictor,,,,2,A,
128666722,Int_FSDInterdictor_Size3_Class5,internal,Frame Shift Drive Interdictor,,,,3,A,
128666723,Int_FSDInterdictor_Size4_Class5,internal,Frame Shift Drive Interdictor,,,,4,A,
128666724,Hpt_DumbfireMissileRack_Fixed_Small,hardpoint,Missile Rack,Fixed,Dumbfire,,1,B,
128666725,Hpt_DumbfireMissileRack_Fixed_Medium,hardpoint,Missile Rack,Fixed,Dumbfire,,2,B,
128667018,Int_FuelTank_Size1_Class3_free,standard,Fuel Tank,,,,1,C,
128667598,Int_Repairer_Size1_Class1,internal,Auto Field-Maintenance Unit,,,,1,E,
128667599,Int_Repairer_Size2_Class1,internal,Auto Field-Maintenance Unit,,,,2,E,
128667600,Int_Repairer_Size3_Class1,internal,Auto Field-Maintenance Unit,,,,3,E,
128667601,Int_Repairer_Size4_Class1,internal,Auto Field-Maintenance Unit,,,,4,E,
128667602,Int_Repairer_Size5_Class1,internal,Auto Field-Maintenance Unit,,,,5,E,
128667603,Int_Repairer_Size6_Class1,internal,Auto Field-Maintenance Unit,,,,6,E,
128667604,Int_Repairer_Size7_Class1,internal,Auto Field-Maintenance Unit,,,,7,E,
128667605,Int_Repairer_Size8_Class1,internal,Auto Field-Maintenance Unit,,,,8,E,
128667606,Int_Repairer_Size1_Class2,internal,Auto Field-Maintenance Unit,,,,1,D,
128667607,Int_Repairer_Size2_Class2,internal,Auto Field-Maintenance Unit,,,,2,D,
128667608,Int_Repairer_Size3_Class2,internal,Auto Field-Maintenance Unit,,,,3,D,
128667609,Int_Repairer_Size4_Class2,internal,Auto Field-Maintenance Unit,,,,4,D,
128667610,Int_Repairer_Size5_Class2,internal,Auto Field-Maintenance Unit,,,,5,D,
128667611,Int_Repairer_Size6_Class2,internal,Auto Field-Maintenance Unit,,,,6,D,
128667612,Int_Repairer_Size7_Class2,internal,Auto Field-Maintenance Unit,,,,7,D,
128667613,Int_Repairer_Size8_Class2,internal,Auto Field-Maintenance Unit,,,,8,D,
128667614,Int_Repairer_Size1_Class3,internal,Auto Field-Maintenance Unit,,,,1,C,
128667615,Int_Repairer_Size2_Class3,internal,Auto Field-Maintenance Unit,,,,2,C,
128667616,Int_Repairer_Size3_Class3,internal,Auto Field-Maintenance Unit,,,,3,C,
128667617,Int_Repairer_Size4_Class3,internal,Auto Field-Maintenance Unit,,,,4,C,
128667618,Int_Repairer_Size5_Class3,internal,Auto Field-Maintenance Unit,,,,5,C,
128667619,Int_Repairer_Size6_Class3,internal,Auto Field-Maintenance Unit,,,,6,C,
128667620,Int_Repairer_Size7_Class3,internal,Auto Field-Maintenance Unit,,,,7,C,
128667621,Int_Repairer_Size8_Class3,internal,Auto Field-Maintenance Unit,,,,8,C,
128667622,Int_Repairer_Size1_Class4,internal,Auto Field-Maintenance Unit,,,,1,B,
128667623,Int_Repairer_Size2_Class4,internal,Auto Field-Maintenance Unit,,,,2,B,
128667624,Int_Repairer_Size3_Class4,internal,Auto Field-Maintenance Unit,,,,3,B,
128667625,Int_Repairer_Size4_Class4,internal,Auto Field-Maintenance Unit,,,,4,B,
128667626,Int_Repairer_Size5_Class4,internal,Auto Field-Maintenance Unit,,,,5,B,
128667627,Int_Repairer_Size6_Class4,internal,Auto Field-Maintenance Unit,,,,6,B,
128667628,Int_Repairer_Size7_Class4,internal,Auto Field-Maintenance Unit,,,,7,B,
128667629,Int_Repairer_Size8_Class4,internal,Auto Field-Maintenance Unit,,,,8,B,
128667630,Int_Repairer_Size1_Class5,internal,Auto Field-Maintenance Unit,,,,1,A,
128667631,Int_Repairer_Size2_Class5,internal,Auto Field-Maintenance Unit,,,,2,A,
128667632,Int_Repairer_Size3_Class5,internal,Auto Field-Maintenance Unit,,,,3,A,
128667633,Int_Repairer_Size4_Class5,internal,Auto Field-Maintenance Unit,,,,4,A,
128667634,Int_Repairer_Size5_Class5,internal,Auto Field-Maintenance Unit,,,,5,A,
128667635,Int_Repairer_Size6_Class5,internal,Auto Field-Maintenance Unit,,,,6,A,
128667636,Int_Repairer_Size7_Class5,internal,Auto Field-Maintenance Unit,,,,7,A,
128667637,Int_Repairer_Size8_Class5,internal,Auto Field-Maintenance Unit,,,,8,A,
128668532,Hpt_ShieldBooster_Size0_Class1,utility,Shield Booster,,,,0,E,
128668533,Hpt_ShieldBooster_Size0_Class2,utility,Shield Booster,,,,0,D,
128668534,Hpt_ShieldBooster_Size0_Class3,utility,Shield Booster,,,,0,C,
128668535,Hpt_ShieldBooster_Size0_Class4,utility,Shield Booster,,,,0,B,
128668536,Hpt_ShieldBooster_Size0_Class5,utility,Shield Booster,,,,0,A,
128668537,Int_HullReinforcement_Size1_Class1,internal,Hull Reinforcement Package,,,,1,E,
128668538,Int_HullReinforcement_Size1_Class2,internal,Hull Reinforcement Package,,,,1,D,
128668539,Int_HullReinforcement_Size2_Class1,internal,Hull Reinforcement Package,,,,2,E,
128668540,Int_HullReinforcement_Size2_Class2,internal,Hull Reinforcement Package,,,,2,D,
128668541,Int_HullReinforcement_Size3_Class1,internal,Hull Reinforcement Package,,,,3,E,
128668542,Int_HullReinforcement_Size3_Class2,internal,Hull Reinforcement Package,,,,3,D,
128668543,Int_HullReinforcement_Size4_Class1,internal,Hull Reinforcement Package,,,,4,E,
128668544,Int_HullReinforcement_Size4_Class2,internal,Hull Reinforcement Package,,,,4,D,
128668545,Int_HullReinforcement_Size5_Class1,internal,Hull Reinforcement Package,,,,5,E,
128668546,Int_HullReinforcement_Size5_Class2,internal,Hull Reinforcement Package,,,,5,D,
128671120,Hpt_Cannon_Gimbal_Large,hardpoint,Cannon,Gimballed,,,3,C,
128671218,DiamondBack_Armour_Grade1,standard,Lightweight Alloy,,,Diamondback Scout,1,I,
128671219,DiamondBack_Armour_Grade2,standard,Reinforced Alloy,,,Diamondback Scout,1,I,
128671220,DiamondBack_Armour_Grade3,standard,Military Grade Composite,,,Diamondback Scout,1,I,
128671221,DiamondBack_Armour_Mirrored,standard,Mirrored Surface Composite,,,Diamondback Scout,1,I,
128671222,DiamondBack_Armour_Reactive,standard,Reactive Surface Composite,,,Diamondback Scout,1,I,
128671224,Empire_Courier_Armour_Grade1,standard,Lightweight Alloy,,,Imperial Courier,1,I,
128671225,Empire_Courier_Armour_Grade2,standard,Reinforced Alloy,,,Imperial Courier,1,I,
128671226,Empire_Courier_Armour_Grade3,standard,Military Grade Composite,,,Imperial Courier,1,I,
128671227,Empire_Courier_Armour_Mirrored,standard,Mirrored Surface Composite,,,Imperial Courier,1,I,
128671228,Empire_Courier_Armour_Reactive,standard,Reactive Surface Composite,,,Imperial Courier,1,I,
128671229,Int_DroneControl_Collection_Size1_Class1,internal,Collector Limpet Controller,,,,1,E,
128671230,Int_DroneControl_Collection_Size1_Class2,internal,Collector Limpet Controller,,,,1,D,
128671231,Int_DroneControl_Collection_Size1_Class3,internal,Collector Limpet Controller,,,,1,C,
128671232,Int_DroneControl_Collection_Size1_Class4,internal,Collector Limpet Controller,,,,1,B,
128671233,Int_DroneControl_Collection_Size1_Class5,internal,Collector Limpet Controller,,,,1,A,
128671234,Int_DroneControl_Collection_Size3_Class1,internal,Collector Limpet Controller,,,,3,E,
128671235,Int_DroneControl_Collection_Size3_Class2,internal,Collector Limpet Controller,,,,3,D,
128671236,Int_DroneControl_Collection_Size3_Class3,internal,Collector Limpet Controller,,,,3,C,
128671237,Int_DroneControl_Collection_Size3_Class4,internal,Collector Limpet Controller,,,,3,B,
128671238,Int_DroneControl_Collection_Size3_Class5,internal,Collector Limpet Controller,,,,3,A,
128671239,Int_DroneControl_Collection_Size5_Class1,internal,Collector Limpet Controller,,,,5,E,
128671240,Int_DroneControl_Collection_Size5_Class2,internal,Collector Limpet Controller,,,,5,D,
128671241,Int_DroneControl_Collection_Size5_Class3,internal,Collector Limpet Controller,,,,5,C,
128671242,Int_DroneControl_Collection_Size5_Class4,internal,Collector Limpet Controller,,,,5,B,
128671243,Int_DroneControl_Collection_Size5_Class5,internal,Collector Limpet Controller,,,,5,A,
128671244,Int_DroneControl_Collection_Size7_Class1,internal,Collector Limpet Controller,,,,7,E,
128671245,Int_DroneControl_Collection_Size7_Class2,internal,Collector Limpet Controller,,,,7,D,
128671246,Int_DroneControl_Collection_Size7_Class3,internal,Collector Limpet Controller,,,,7,C,
128671247,Int_DroneControl_Collection_Size7_Class4,internal,Collector Limpet Controller,,,,7,B,
128671248,Int_DroneControl_Collection_Size7_Class5,internal,Collector Limpet Controller,,,,7,A,
128671249,Int_DroneControl_FuelTransfer_Size1_Class1,internal,Fuel Transfer Limpet Controller,,,,1,E,
128671250,Int_DroneControl_FuelTransfer_Size1_Class2,internal,Fuel Transfer Limpet Controller,,,,1,D,
128671251,Int_DroneControl_FuelTransfer_Size1_Class3,internal,Fuel Transfer Limpet Controller,,,,1,C,
128671252,Int_DroneControl_FuelTransfer_Size1_Class4,internal,Fuel Transfer Limpet Controller,,,,1,B,
128671253,Int_DroneControl_FuelTransfer_Size1_Class5,internal,Fuel Transfer Limpet Controller,,,,1,A,
128671254,Int_DroneControl_FuelTransfer_Size3_Class1,internal,Fuel Transfer Limpet Controller,,,,3,E,
128671255,Int_DroneControl_FuelTransfer_Size3_Class2,internal,Fuel Transfer Limpet Controller,,,,3,D,
128671256,Int_DroneControl_FuelTransfer_Size3_Class3,internal,Fuel Transfer Limpet Controller,,,,3,C,
128671257,Int_DroneControl_FuelTransfer_Size3_Class4,internal,Fuel Transfer Limpet Controller,,,,3,B,
128671258,Int_DroneControl_FuelTransfer_Size3_Class5,internal,Fuel Transfer Limpet Controller,,,,3,A,
128671259,Int_DroneControl_FuelTransfer_Size5_Class1,internal,Fuel Transfer Limpet Controller,,,,5,E,
128671260,Int_DroneControl_FuelTransfer_Size5_Class2,internal,Fuel Transfer Limpet Controller,,,,5,D,
128671261,Int_DroneControl_FuelTransfer_Size5_Class3,internal,Fuel Transfer Limpet Controller,,,,5,C,
128671262,Int_DroneControl_FuelTransfer_Size5_Class4,internal,Fuel Transfer Limpet Controller,,,,5,B,
128671263,Int_DroneControl_FuelTransfer_Size5_Class5,internal,Fuel Transfer Limpet Controller,,,,5,A,
128671264,Int_DroneControl_FuelTransfer_Size7_Class1,internal,Fuel Transfer Limpet Controller,,,,7,E,
128671265,Int_DroneControl_FuelTransfer_Size7_Class2,internal,Fuel Transfer Limpet Controller,,,,7,D,
128671266,Int_DroneControl_FuelTransfer_Size7_Class3,internal,Fuel Transfer Limpet Controller,,,,7,C,
128671267,Int_DroneControl_FuelTransfer_Size7_Class4,internal,Fuel Transfer Limpet Controller,,,,7,B,
128671268,Int_DroneControl_FuelTransfer_Size7_Class5,internal,Fuel Transfer Limpet Controller,,,,7,A,
128671269,Int_DroneControl_Prospector_Size1_Class1,internal,Prospector Limpet Controller,,,,1,E,
128671270,Int_DroneControl_Prospector_Size1_Class2,internal,Prospector Limpet Controller,,,,1,D,
128671271,Int_DroneControl_Prospector_Size1_Class3,internal,Prospector Limpet Controller,,,,1,C,
128671272,Int_DroneControl_Prospector_Size1_Class4,internal,Prospector Limpet Controller,,,,1,B,
128671273,Int_DroneControl_Prospector_Size1_Class5,internal,Prospector Limpet Controller,,,,1,A,
128671274,Int_DroneControl_Prospector_Size3_Class1,internal,Prospector Limpet Controller,,,,3,E,
128671275,Int_DroneControl_Prospector_Size3_Class2,internal,Prospector Limpet Controller,,,,3,D,
128671276,Int_DroneControl_Prospector_Size3_Class3,internal,Prospector Limpet Controller,,,,3,C,
128671277,Int_DroneControl_Prospector_Size3_Class4,internal,Prospector Limpet Controller,,,,3,B,
128671278,Int_DroneControl_Prospector_Size3_Class5,internal,Prospector Limpet Controller,,,,3,A,
128671279,Int_DroneControl_Prospector_Size5_Class1,internal,Prospector Limpet Controller,,,,5,E,
128671280,Int_DroneControl_Prospector_Size5_Class2,internal,Prospector Limpet Controller,,,,5,D,
128671281,Int_DroneControl_Prospector_Size5_Class3,internal,Prospector Limpet Controller,,,,5,C,
128671282,Int_DroneControl_Prospector_Size5_Class4,internal,Prospector Limpet Controller,,,,5,B,
128671283,Int_DroneControl_Prospector_Size5_Class5,internal,Prospector Limpet Controller,,,,5,A,
128671284,Int_DroneControl_Prospector_Size7_Class1,internal,Prospector Limpet Controller,,,,7,E,
128671285,Int_DroneControl_Prospector_Size7_Class2,internal,Prospector Limpet Controller,,,,7,D,
128671286,Int_DroneControl_Prospector_Size7_Class3,internal,Prospector Limpet Controller,,,,7,C,
128671287,Int_DroneControl_Prospector_Size7_Class4,internal,Prospector Limpet Controller,,,,7,B,
128671288,Int_DroneControl_Prospector_Size7_Class5,internal,Prospector Limpet Controller,,,,7,A,
128671321,Hpt_Slugshot_Gimbal_Large,hardpoint,Fragment Cannon,Gimballed,,,3,C,
128671322,Hpt_Slugshot_Turret_Large,hardpoint,Fragment Cannon,Turreted,,,3,C,
128671323,Int_ShieldGenerator_Size1_Class5_Strong,internal,Prismatic Shield Generator,,,,1,A,ELITE_SPECIFIC_V_POWER_100000
128671324,Int_ShieldGenerator_Size2_Class5_Strong,internal,Prismatic Shield Generator,,,,2,A,ELITE_SPECIFIC_V_POWER_100000
128671325,Int_ShieldGenerator_Size3_Class5_Strong,internal,Prismatic Shield Generator,,,,3,A,ELITE_SPECIFIC_V_POWER_100000
128671326,Int_ShieldGenerator_Size4_Class5_Strong,internal,Prismatic Shield Generator,,,,4,A,ELITE_SPECIFIC_V_POWER_100000
128671327,Int_ShieldGenerator_Size5_Class5_Strong,internal,Prismatic Shield Generator,,,,5,A,ELITE_SPECIFIC_V_POWER_100000
128671328,Int_ShieldGenerator_Size6_Class5_Strong,internal,Prismatic Shield Generator,,,,6,A,ELITE_SPECIFIC_V_POWER_100000
128671329,Int_ShieldGenerator_Size7_Class5_Strong,internal,Prismatic Shield Generator,,,,7,A,ELITE_SPECIFIC_V_POWER_100000
128671330,Int_ShieldGenerator_Size8_Class5_Strong,internal,Prismatic Shield Generator,,,,8,A,ELITE_SPECIFIC_V_POWER_100000
128671331,Int_ShieldGenerator_Size1_Class3_Fast,internal,Bi-Weave Shield Generator,,,,1,C,
128671332,Int_ShieldGenerator_Size2_Class3_Fast,internal,Bi-Weave Shield Generator,,,,2,C,
128671333,Int_ShieldGenerator_Size3_Class3_Fast,internal,Bi-Weave Shield Generator,,,,3,C,
128671334,Int_ShieldGenerator_Size4_Class3_Fast,internal,Bi-Weave Shield Generator,,,,4,C,
128671335,Int_ShieldGenerator_Size5_Class3_Fast,internal,Bi-Weave Shield Generator,,,,5,C,
128671336,Int_ShieldGenerator_Size6_Class3_Fast,internal,Bi-Weave Shield Generator,,,,6,C,
128671337,Int_ShieldGenerator_Size7_Class3_Fast,internal,Bi-Weave Shield Generator,,,,7,C,
128671338,Int_ShieldGenerator_Size8_Class3_Fast,internal,Bi-Weave Shield Generator,,,,8,C,
128671339,Hpt_PlasmaAccelerator_Fixed_Large_Advanced,hardpoint,Advanced Plasma Accelerator,Fixed,,,3,B,ELITE_SPECIFIC_V_POWER_100050
128671340,Hpt_MiningLaser_Fixed_Small_Advanced,hardpoint,Mining Lance,Fixed,,,1,D,ELITE_SPECIFIC_V_POWER_100080
128671341,Hpt_Railgun_Fixed_Medium_Burst,hardpoint,Imperial Hammer Rail Gun,Fixed,,,2,B,ELITE_SPECIFIC_V_POWER_100020
128671342,Hpt_PulseLaser_Fixed_Medium_Disruptor,hardpoint,Pulse Disruptor Laser,Fixed,,,2,E,ELITE_SPECIFIC_V_POWER_100040
128671343,Hpt_Slugshot_Fixed_Large_Range,hardpoint,Pacifier Frag-Cannon,Fixed,,,3,C,ELITE_SPECIFIC_V_POWER_100060
128671344,Hpt_DrunkMissileRack_Fixed_Medium,hardpoint,Pack-Hound Missile Rack,Fixed,Swarm,,2,B,ELITE_SPECIFIC_V_POWER_100070
128671345,Hpt_MultiCannon_Fixed_Small_Strong,hardpoint,Enforcer Cannon,Fixed,,,1,F,ELITE_SPECIFIC_V_POWER_100090
128671346,Hpt_BeamLaser_Fixed_Small_Heat,hardpoint,Retributor Beam Laser,Fixed,,,1,E,ELITE_SPECIFIC_V_POWER_100010
128671448,Hpt_MineLauncher_Fixed_Small_Impulse,hardpoint,Shock Mine Launcher,Fixed,,,1,I,
128671449,Hpt_PulseLaserBurst_Fixed_Small_Scatter,hardpoint,Cytoscrambler Burst Laser,Fixed,,,1,F,ELITE_SPECIFIC_V_POWER_100100
128671832,DiamondBackXL_Armour_Grade1,standard,Lightweight Alloy,,,Diamondback Explorer,1,I,
128671833,DiamondBackXL_Armour_Grade2,standard,Reinforced Alloy,,,Diamondback Explorer,1,I,
128671834,DiamondBackXL_Armour_Grade3,standard,Military Grade Composite,,,Diamondback Explorer,1,I,
128671835,DiamondBackXL_Armour_Mirrored,standard,Mirrored Surface Composite,,,Diamondback Explorer,1,I,
128671836,DiamondBackXL_Armour_Reactive,standard,Reactive Surface Composite,,,Diamondback Explorer,1,I,
128672140,Empire_Eagle_Armour_Grade1,standard,Lightweight Alloy,,,Imperial Eagle,1,I,
128672141,Empire_Eagle_Armour_Grade2,standard,Reinforced Alloy,,,Imperial Eagle,1,I,
128672142,Empire_Eagle_Armour_Grade3,standard,Military Grade Composite,,,Imperial Eagle,1,I,
128672143,Empire_Eagle_Armour_Mirrored,standard,Mirrored Surface Composite,,,Imperial Eagle,1,I,
128672144,Empire_Eagle_Armour_Reactive,standard,Reactive Surface Composite,,,Imperial Eagle,1,I,
128672147,Federation_Dropship_MkII_Armour_Grade1,standard,Lightweight Alloy,,,Federal Assault Ship,1,I,
128672148,Federation_Dropship_MkII_Armour_Grade2,standard,Reinforced Alloy,,,Federal Assault Ship,1,I,
128672149,Federation_Dropship_MkII_Armour_Grade3,standard,Military Grade Composite,,,Federal Assault Ship,1,I,
128672150,Federation_Dropship_MkII_Armour_Mirrored,standard,Mirrored Surface Composite,,,Federal Assault Ship,1,I,
128672151,Federation_Dropship_MkII_Armour_Reactive,standard,Reactive Surface Composite,,,Federal Assault Ship,1,I,
128672154,Federation_Gunship_Armour_Grade1,standard,Lightweight Alloy,,,Federal Gunship,1,I,
128672155,Federation_Gunship_Armour_Grade2,standard,Reinforced Alloy,,,Federal Gunship,1,I,
128672156,Federation_Gunship_Armour_Grade3,standard,Military Grade Composite,,,Federal Gunship,1,I,
128672157,Federation_Gunship_Armour_Mirrored,standard,Mirrored Surface Composite,,,Federal Gunship,1,I,
128672158,Federation_Gunship_Armour_Reactive,standard,Reactive Surface Composite,,,Federal Gunship,1,I,
128672257,Viper_MkIV_Armour_Grade1,standard,Lightweight Alloy,,,Viper MkIV,1,I,
128672258,Viper_MkIV_Armour_Grade2,standard,Reinforced Alloy,,,Viper MkIV,1,I,
128672259,Viper_MkIV_Armour_Grade3,standard,Military Grade Composite,,,Viper MkIV,1,I,
128672260,Viper_MkIV_Armour_Mirrored,standard,Mirrored Surface Composite,,,Viper MkIV,1,I,
128672261,Viper_MkIV_Armour_Reactive,standard,Reactive Surface Composite,,,Viper MkIV,1,I,
128672264,CobraMkIV_Armour_Grade1,standard,Lightweight Alloy,,,Cobra MkIV,1,I,
128672265,CobraMkIV_Armour_Grade2,standard,Reinforced Alloy,,,Cobra MkIV,1,I,
128672266,CobraMkIV_Armour_Grade3,standard,Military Grade Composite,,,Cobra MkIV,1,I,
128672267,CobraMkIV_Armour_Mirrored,standard,Mirrored Surface Composite,,,Cobra MkIV,1,I,
128672268,CobraMkIV_Armour_Reactive,standard,Reactive Surface Composite,,,Cobra MkIV,1,I,
128672271,Independant_Trader_Armour_Grade1,standard,Lightweight Alloy,,,Keelback,1,I,
128672272,Independant_Trader_Armour_Grade2,standard,Reinforced Alloy,,,Keelback,1,I,
128672273,Independant_Trader_Armour_Grade3,standard,Military Grade Composite,,,Keelback,1,I,
128672274,Independant_Trader_Armour_Mirrored,standard,Mirrored Surface Composite,,,Keelback,1,I,
128672275,Independant_Trader_Armour_Reactive,standard,Reactive Surface Composite,,,Keelback,1,I,
128672278,Asp_Scout_Armour_Grade1,standard,Lightweight Alloy,,,Asp Scout,1,I,
128672279,Asp_Scout_Armour_Grade2,standard,Reinforced Alloy,,,Asp Scout,1,I,
128672280,Asp_Scout_Armour_Grade3,standard,Military Grade Composite,,,Asp Scout,1,I,
128672281,Asp_Scout_Armour_Mirrored,standard,Mirrored Surface Composite,,,Asp Scout,1,I,
128672282,Asp_Scout_Armour_Reactive,standard,Reactive Surface Composite,,,Asp Scout,1,I,
128672288,Int_BuggyBay_Size2_Class1,internal,Planetary Vehicle Hangar,,,,2,H,ELITE_HORIZONS_V_PLANETARY_LANDINGS
128672289,Int_BuggyBay_Size2_Class2,internal,Planetary Vehicle Hangar,,,,2,G,ELITE_HORIZONS_V_PLANETARY_LANDINGS
128672290,Int_BuggyBay_Size4_Class1,internal,Planetary Vehicle Hangar,,,,4,H,ELITE_HORIZONS_V_PLANETARY_LANDINGS
128672291,Int_BuggyBay_Size4_Class2,internal,Planetary Vehicle Hangar,,,,4,G,ELITE_HORIZONS_V_PLANETARY_LANDINGS
128672292,Int_BuggyBay_Size6_Class1,internal,Planetary Vehicle Hangar,,,,6,H,ELITE_HORIZONS_V_PLANETARY_LANDINGS
128672293,Int_BuggyBay_Size6_Class2,internal,Planetary Vehicle Hangar,,,,6,G,ELITE_HORIZONS_V_PLANETARY_LANDINGS
128672317,Int_PlanetApproachSuite,internal,Planetary Approach Suite,,,,1,I,ELITE_HORIZONS_V_PLANETARY_LANDINGS
128681641,Int_CorrosionProofCargoRack_Size1_Class1,internal,Corrosion Resistant Cargo Rack,,,,1,E,ELITE_HORIZONS_V_PLANETARY_LANDINGS
128681992,Int_CorrosionProofCargoRack_Size1_Class2,internal,Corrosion Resistant Cargo Rack,,,,1,F,ELITE_HORIZONS_V_PLANETARY_LANDINGS
128681994,Hpt_BeamLaser_Gimbal_Huge,hardpoint,Beam Laser,Gimballed,,,4,A,
128681995,Hpt_PulseLaser_Gimbal_Huge,hardpoint,Pulse Laser,Gimballed,,,4,A,
128681996,Hpt_MultiCannon_Gimbal_Huge,hardpoint,Multi-Cannon,Gimballed,,,4,A,
128682013,Int_Engine_Size3_Class5_Fast,standard,Enhanced Performance Thrusters,,,,3,A,
128682014,Int_Engine_Size2_Class5_Fast,standard,Enhanced Performance Thrusters,,,,2,A,
128727920,Hpt_PulseLaserBurst_Gimbal_Huge,hardpoint,Burst Laser,Gimballed,,,4,E,
128727922,Int_PassengerCabin_Size4_Class1,internal,Economy Class Passenger Cabin,,,,4,E,
128727923,Int_PassengerCabin_Size4_Class2,internal,Business Class Passenger Cabin,,,,4,D,
128727924,Int_PassengerCabin_Size4_Class3,internal,First Class Passenger Cabin,,,,4,C,
128727925,Int_PassengerCabin_Size5_Class4,internal,Luxury Class Passenger Cabin,,,,5,B,
128727926,Int_PassengerCabin_Size6_Class1,internal,Economy Class Passenger Cabin,,,,6,E,
128727927,Int_PassengerCabin_Size6_Class2,internal,Business Class Passenger Cabin,,,,6,D,
128727928,Int_PassengerCabin_Size6_Class3,internal,First Class Passenger Cabin,,,,6,C,
128727929,Int_PassengerCabin_Size6_Class4,internal,Luxury Class Passenger Cabin,,,,6,B,
128727930,Int_FighterBay_Size5_Class1,internal,Fighter Hangar,,,,5,D,ELITE_HORIZONS_V_PLANETARY_LANDINGS
128727931,Int_FighterBay_Size6_Class1,internal,Fighter Hangar,,,,6,D,ELITE_HORIZONS_V_PLANETARY_LANDINGS
128727932,Int_FighterBay_Size7_Class1,internal,Fighter Hangar,,,,7,D,ELITE_HORIZONS_V_PLANETARY_LANDINGS
128732552,Hpt_DumbfireMissileRack_Fixed_Medium_Lasso,hardpoint,Rocket Propelled FSD Disruptor,Fixed,Dumbfire,,2,B,ELITE_SPECIFIC_V_POWER_100120
128734690,Int_PassengerCabin_Size2_Class1,internal,Economy Class Passenger Cabin,,,,2,E,
128734691,Int_PassengerCabin_Size3_Class1,internal,Economy Class Passenger Cabin,,,,3,E,
128734692,Int_PassengerCabin_Size3_Class2,internal,Business Class Passenger Cabin,,,,3,D,
128734693,Int_PassengerCabin_Size5_Class1,internal,Economy Class Passenger Cabin,,,,5,E,
128734694,Int_PassengerCabin_Size5_Class2,internal,Business Class Passenger Cabin,,,,5,D,
128734695,Int_PassengerCabin_Size5_Class3,internal,First Class Passenger Cabin,,,,5,C,
128737270,Int_ModuleReinforcement_Size1_Class1,internal,Module Reinforcement Package,,,,1,E,
128737271,Int_ModuleReinforcement_Size1_Class2,internal,Module Reinforcement Package,,,,1,D,
128737272,Int_ModuleReinforcement_Size2_Class1,internal,Module Reinforcement Package,,,,2,E,
128737273,Int_ModuleReinforcement_Size2_Class2,internal,Module Reinforcement Package,,,,2,D,
128737274,Int_ModuleReinforcement_Size3_Class1,internal,Module Reinforcement Package,,,,3,E,
128737275,Int_ModuleReinforcement_Size3_Class2,internal,Module Reinforcement Package,,,,3,D,
128737276,Int_ModuleReinforcement_Size4_Class1,internal,Module Reinforcement Package,,,,4,E,
128737277,Int_ModuleReinforcement_Size4_Class2,internal,Module Reinforcement Package,,,,4,D,
128737278,Int_ModuleReinforcement_Size5_Class1,internal,Module Reinforcement Package,,,,5,E,
128737279,Int_ModuleReinforcement_Size5_Class2,internal,Module Reinforcement Package,,,,5,D,
128740819,Hpt_MiningLaser_Turret_Small,hardpoint,Mining Laser,Turreted,,,1,D,
128740820,Hpt_MiningLaser_Turret_Medium,hardpoint,Mining Laser,Turreted,,,2,D,
128771884,Hpt_AntiUnknownShutdown_Tiny,utility,Shutdown Field Neutraliser,,,,0,F,ELITE_HORIZONS_V_PLANETARY_LANDINGS
128777327,Int_DroneControl_Repair_Size1_Class1,internal,Repair Limpet Controller,,,,1,E,
128777328,Int_DroneControl_Repair_Size1_Class2,internal,Repair Limpet Controller,,,,1,D,
128777329,Int_DroneControl_Repair_Size1_Class3,internal,Repair Limpet Controller,,,,1,C,
128777330,Int_DroneControl_Repair_Size1_Class4,internal,Repair Limpet Controller,,,,1,B,
128777331,Int_DroneControl_Repair_Size1_Class5,internal,Repair Limpet Controller,,,,1,A,
128777332,Int_DroneControl_Repair_Size3_Class1,internal,Repair Limpet Controller,,,,3,E,
128777333,Int_DroneControl_Repair_Size3_Class2,internal,Repair Limpet Controller,,,,3,D,
128777334,Int_DroneControl_Repair_Size3_Class3,internal,Repair Limpet Controller,,,,3,C,
128777335,Int_DroneControl_Repair_Size3_Class4,internal,Repair Limpet Controller,,,,3,B,
128777336,Int_DroneControl_Repair_Size3_Class5,internal,Repair Limpet Controller,,,,3,A,
128777337,Int_DroneControl_Repair_Size5_Class1,internal,Repair Limpet Controller,,,,5,E,
128777338,Int_DroneControl_Repair_Size5_Class2,internal,Repair Limpet Controller,,,,5,D,
128777339,Int_DroneControl_Repair_Size5_Class3,internal,Repair Limpet Controller,,,,5,C,
128777340,Int_DroneControl_Repair_Size5_Class4,internal,Repair Limpet Controller,,,,5,B,
128777341,Int_DroneControl_Repair_Size5_Class5,internal,Repair Limpet Controller,,,,5,A,
128777342,Int_DroneControl_Repair_Size7_Class1,internal,Repair Limpet Controller,,,,7,E,
128777343,Int_DroneControl_Repair_Size7_Class2,internal,Repair Limpet Controller,,,,7,D,
128777344,Int_DroneControl_Repair_Size7_Class3,internal,Repair Limpet Controller,,,,7,C,
128777345,Int_DroneControl_Repair_Size7_Class4,internal,Repair Limpet Controller,,,,7,B,
128777346,Int_DroneControl_Repair_Size7_Class5,internal,Repair Limpet Controller,,,,7,A,
128785621,Type9_Military_Armour_Grade1,standard,Lightweight Alloy,,,Type-10 Defender,1,I,ELITE_HORIZONS_V_PLANETARY_LANDINGS
128785622,Type9_Military_Armour_Grade2,standard,Reinforced Alloy,,,Type-10 Defender,1,I,ELITE_HORIZONS_V_PLANETARY_LANDINGS
128785623,Type9_Military_Armour_Grade3,standard,Military Grade Composite,,,Type-10 Defender,1,I,ELITE_HORIZONS_V_PLANETARY_LANDINGS
128785624,Type9_Military_Armour_Mirrored,standard,Mirrored Surface Composite,,,Type-10 Defender,1,I,ELITE_HORIZONS_V_PLANETARY_LANDINGS
128785625,Type9_Military_Armour_Reactive,standard,Reactive Surface Composite,,,Type-10 Defender,1,I,ELITE_HORIZONS_V_PLANETARY_LANDINGS
128785626,Hpt_FlakMortar_Fixed_Medium,hardpoint,Remote Release Flak Launcher,Fixed,,,2,B,ELITE_HORIZONS_V_PLANETARY_LANDINGS
128788699,Hpt_ATDumbfireMissile_Fixed_Medium,hardpoint,AX Missile Rack,Fixed,Dumbfire,,2,B,ELITE_HORIZONS_V_PLANETARY_LANDINGS
128788700,Hpt_ATDumbfireMissile_Fixed_Large,hardpoint,AX Missile Rack,Fixed,Dumbfire,,3,A,ELITE_HORIZONS_V_PLANETARY_LANDINGS
128788701,Hpt_ATMultiCannon_Fixed_Medium,hardpoint,AX Multi-Cannon,Fixed,,,2,E,ELITE_HORIZONS_V_PLANETARY_LANDINGS
128788702,Hpt_ATMultiCannon_Fixed_Large,hardpoint,AX Multi-Cannon,Fixed,,,3,C,ELITE_HORIZONS_V_PLANETARY_LANDINGS
128788704,Hpt_ATDumbfireMissile_Turret_Medium,hardpoint,AX Missile Rack,Turreted,Dumbfire,,2,B,ELITE_HORIZONS_V_PLANETARY_LANDINGS
128788705,Hpt_ATDumbfireMissile_Turret_Large,hardpoint,AX Missile Rack,Turreted,Dumbfire,,3,A,ELITE_HORIZONS_V_PLANETARY_LANDINGS
128793058,Hpt_FlakMortar_Turret_Medium,hardpoint,Remote Release Flak Launcher,Turreted,,,2,B,ELITE_HORIZONS_V_PLANETARY_LANDINGS
128793059,Hpt_ATMultiCannon_Turret_Medium,hardpoint,AX Multi-Cannon,Turreted,,,2,F,ELITE_HORIZONS_V_PLANETARY_LANDINGS
128793060,Hpt_ATMultiCannon_Turret_Large,hardpoint,AX Multi-Cannon,Turreted,,,3,E,ELITE_HORIZONS_V_PLANETARY_LANDINGS
128793115,Hpt_XenoScanner_Basic_Tiny,utility,Xeno Scanner,,,,0,E,ELITE_HORIZONS_V_PLANETARY_LANDINGS
128793116,Int_DroneControl_UnkVesselResearch,internal,Research Limpet Controller,,,,1,E,ELITE_HORIZONS_V_PLANETARY_LANDINGS
128793117,Int_MetaAlloyHullReinforcement_Size1_Class1,internal,Meta Alloy Hull Reinforcement,,,,1,E,ELITE_HORIZONS_V_METAHULL
128793118,Int_MetaAlloyHullReinforcement_Size1_Class2,internal,Meta Alloy Hull Reinforcement,,,,1,D,ELITE_HORIZONS_V_METAHULL
128793119,Int_MetaAlloyHullReinforcement_Size2_Class1,internal,Meta Alloy Hull Reinforcement,,,,2,E,ELITE_HORIZONS_V_METAHULL
128793120,Int_MetaAlloyHullReinforcement_Size2_Class2,internal,Meta Alloy Hull Reinforcement,,,,2,D,ELITE_HORIZONS_V_METAHULL
128793121,Int_MetaAlloyHullReinforcement_Size3_Class1,internal,Meta Alloy Hull Reinforcement,,,,3,E,ELITE_HORIZONS_V_METAHULL
128793122,Int_MetaAlloyHullReinforcement_Size3_Class2,internal,Meta Alloy Hull Reinforcement,,,,3,D,ELITE_HORIZONS_V_METAHULL
128793123,Int_MetaAlloyHullReinforcement_Size4_Class1,internal,Meta Alloy Hull Reinforcement,,,,4,E,ELITE_HORIZONS_V_METAHULL
128793124,Int_MetaAlloyHullReinforcement_Size4_Class2,internal,Meta Alloy Hull Reinforcement,,,,4,D,ELITE_HORIZONS_V_METAHULL
128793125,Int_MetaAlloyHullReinforcement_Size5_Class1,internal,Meta Alloy Hull Reinforcement,,,,5,E,ELITE_HORIZONS_V_METAHULL
128793126,Int_MetaAlloyHullReinforcement_Size5_Class2,internal,Meta Alloy Hull Reinforcement,,,,5,D,ELITE_HORIZONS_V_METAHULL
128793941,Int_DroneControl_Decontamination_Size1_Class1,internal,Decontamination Limpet Controller,,,,1,E,ELITE_HORIZONS_V_PLANETARY_LANDINGS
128793942,Int_DroneControl_Decontamination_Size3_Class1,internal,Decontamination Limpet Controller,,,,3,E,ELITE_HORIZONS_V_PLANETARY_LANDINGS
128793943,Int_DroneControl_Decontamination_Size5_Class1,internal,Decontamination Limpet Controller,,,,5,E,ELITE_HORIZONS_V_PLANETARY_LANDINGS
128793944,Int_DroneControl_Decontamination_Size7_Class1,internal,Decontamination Limpet Controller,,,,7,E,ELITE_HORIZONS_V_PLANETARY_LANDINGS
128808878,Hpt_XenoScannerMk2_Basic_Tiny,utility,Unknown Xeno Scanner Mk II,,,,?,?,ELITE_HORIZONS_V_PLANETARY_LANDINGS
128816569,Krait_MkII_Armour_Grade1,standard,Lightweight Alloy,,,Krait MkII,1,I,ELITE_HORIZONS_V_PLANETARY_LANDINGS
128816570,Krait_MkII_Armour_Grade2,standard,Reinforced Alloy,,,Krait MkII,1,I,ELITE_HORIZONS_V_PLANETARY_LANDINGS
128816571,Krait_MkII_Armour_Grade3,standard,Military Grade Composite,,,Krait MkII,1,I,ELITE_HORIZONS_V_PLANETARY_LANDINGS
128816572,Krait_MkII_Armour_Mirrored,standard,Mirrored Surface Composite,,,Krait MkII,1,I,ELITE_HORIZONS_V_PLANETARY_LANDINGS
128816573,Krait_MkII_Armour_Reactive,standard,Reactive Surface Composite,,,Krait MkII,1,I,ELITE_HORIZONS_V_PLANETARY_LANDINGS
128816576,TypeX_Armour_Grade1,standard,Lightweight Alloy,,,Alliance Chieftain,1,I,ELITE_HORIZONS_V_PLANETARY_LANDINGS
128816577,TypeX_Armour_Grade2,standard,Reinforced Alloy,,,Alliance Chieftain,1,I,ELITE_HORIZONS_V_PLANETARY_LANDINGS
128816578,TypeX_Armour_Grade3,standard,Military Grade Composite,,,Alliance Chieftain,1,I,ELITE_HORIZONS_V_PLANETARY_LANDINGS
128816579,TypeX_Armour_Mirrored,standard,Mirrored Surface Composite,,,Alliance Chieftain,1,I,ELITE_HORIZONS_V_PLANETARY_LANDINGS
128816580,TypeX_Armour_Reactive,standard,Reactive Surface Composite,,,Alliance Chieftain,1,I,ELITE_HORIZONS_V_PLANETARY_LANDINGS
128816583,TypeX_2_Armour_Grade1,standard,Lightweight Alloy,,,Alliance Crusader,1,I,ELITE_HORIZONS_V_PLANETARY_LANDINGS
128816584,TypeX_2_Armour_Grade2,standard,Reinforced Alloy,,,Alliance Crusader,1,I,ELITE_HORIZONS_V_PLANETARY_LANDINGS
128816585,TypeX_2_Armour_Grade3,standard,Military Grade Composite,,,Alliance Crusader,1,I,ELITE_HORIZONS_V_PLANETARY_LANDINGS
128816586,TypeX_2_Armour_Mirrored,standard,Mirrored Surface Composite,,,Alliance Crusader,1,I,ELITE_HORIZONS_V_PLANETARY_LANDINGS
128816587,TypeX_2_Armour_Reactive,standard,Reactive Surface Composite,,,Alliance Crusader,1,I,ELITE_HORIZONS_V_PLANETARY_LANDINGS
128816590,TypeX_3_Armour_Grade1,standard,Lightweight Alloy,,,Alliance Challenger,1,I,ELITE_HORIZONS_V_PLANETARY_LANDINGS
128816591,TypeX_3_Armour_Grade2,standard,Reinforced Alloy,,,Alliance Challenger,1,I,ELITE_HORIZONS_V_PLANETARY_LANDINGS
128816592,TypeX_3_Armour_Grade3,standard,Military Grade Composite,,,Alliance Challenger,1,I,ELITE_HORIZONS_V_PLANETARY_LANDINGS
128816593,TypeX_3_Armour_Mirrored,standard,Mirrored Surface Composite,,,Alliance Challenger,1,I,ELITE_HORIZONS_V_PLANETARY_LANDINGS
128816594,TypeX_3_Armour_Reactive,standard,Reactive Surface Composite,,,Alliance Challenger,1,I,ELITE_HORIZONS_V_PLANETARY_LANDINGS
128833687,Hpt_Guardian_GaussCannon_Fixed_Medium,hardpoint,Guardian Gauss Cannon,Fixed,,,2,B,ELITE_HORIZONS_V_GUARDIAN_GAUSS_FIXED_MEDIUM
128833944,Int_CorrosionProofCargoRack_Size4_Class1,internal,Corrosion Resistant Cargo Rack,,,,4,E,ELITE_HORIZONS_V_CORROSIONCARGO_SIZE4
128833945,Int_GuardianHullReinforcement_Size1_Class1,internal,Guardian Hull Reinforcement,,,,1,E,ELITE_HORIZONS_V_GUARDIAN_HULLREINFORCEMENT
128833946,Int_GuardianHullReinforcement_Size1_Class2,internal,Guardian Hull Reinforcement,,,,1,D,ELITE_HORIZONS_V_GUARDIAN_HULLREINFORCEMENT
128833947,Int_GuardianHullReinforcement_Size2_Class1,internal,Guardian Hull Reinforcement,,,,2,E,ELITE_HORIZONS_V_GUARDIAN_HULLREINFORCEMENT
128833948,Int_GuardianHullReinforcement_Size2_Class2,internal,Guardian Hull Reinforcement,,,,2,D,ELITE_HORIZONS_V_GUARDIAN_HULLREINFORCEMENT
128833949,Int_GuardianHullReinforcement_Size3_Class1,internal,Guardian Hull Reinforcement,,,,3,E,ELITE_HORIZONS_V_GUARDIAN_HULLREINFORCEMENT
128833950,Int_GuardianHullReinforcement_Size3_Class2,internal,Guardian Hull Reinforcement,,,,3,D,ELITE_HORIZONS_V_GUARDIAN_HULLREINFORCEMENT
128833951,Int_GuardianHullReinforcement_Size4_Class1,internal,Guardian Hull Reinforcement,,,,4,E,ELITE_HORIZONS_V_GUARDIAN_HULLREINFORCEMENT
128833952,Int_GuardianHullReinforcement_Size4_Class2,internal,Guardian Hull Reinforcement,,,,4,D,ELITE_HORIZONS_V_GUARDIAN_HULLREINFORCEMENT
128833953,Int_GuardianHullReinforcement_Size5_Class1,internal,Guardian Hull Reinforcement,,,,5,E,ELITE_HORIZONS_V_GUARDIAN_HULLREINFORCEMENT
128833954,Int_GuardianHullReinforcement_Size5_Class2,internal,Guardian Hull Reinforcement,,,,5,D,ELITE_HORIZONS_V_GUARDIAN_HULLREINFORCEMENT
128833955,Int_GuardianModuleReinforcement_Size1_Class1,internal,Guardian Module Reinforcement,,,,1,E,ELITE_HORIZONS_V_GUARDIAN_MODULEREINFORCEMENT
128833956,Int_GuardianModuleReinforcement_Size1_Class2,internal,Guardian Module Reinforcement,,,,1,D,ELITE_HORIZONS_V_GUARDIAN_MODULEREINFORCEMENT
128833957,Int_GuardianModuleReinforcement_Size2_Class1,internal,Guardian Module Reinforcement,,,,2,E,ELITE_HORIZONS_V_GUARDIAN_MODULEREINFORCEMENT
128833958,Int_GuardianModuleReinforcement_Size2_Class2,internal,Guardian Module Reinforcement,,,,2,D,ELITE_HORIZONS_V_GUARDIAN_MODULEREINFORCEMENT
128833959,Int_GuardianModuleReinforcement_Size3_Class1,internal,Guardian Module Reinforcement,,,,3,E,ELITE_HORIZONS_V_GUARDIAN_MODULEREINFORCEMENT
128833960,Int_GuardianModuleReinforcement_Size3_Class2,internal,Guardian Module Reinforcement,,,,3,D,ELITE_HORIZONS_V_GUARDIAN_MODULEREINFORCEMENT
128833961,Int_GuardianModuleReinforcement_Size4_Class1,internal,Guardian Module Reinforcement,,,,4,E,ELITE_HORIZONS_V_GUARDIAN_MODULEREINFORCEMENT
128833962,Int_GuardianModuleReinforcement_Size4_Class2,internal,Guardian Module Reinforcement,,,,4,D,ELITE_HORIZONS_V_GUARDIAN_MODULEREINFORCEMENT
128833963,Int_GuardianModuleReinforcement_Size5_Class1,internal,Guardian Module Reinforcement,,,,5,E,ELITE_HORIZONS_V_GUARDIAN_MODULEREINFORCEMENT
128833964,Int_GuardianModuleReinforcement_Size5_Class2,internal,Guardian Module Reinforcement,,,,5,D,ELITE_HORIZONS_V_GUARDIAN_MODULEREINFORCEMENT
128833965,Int_GuardianShieldReinforcement_Size1_Class1,internal,Guardian Shield Reinforcement,,,,1,E,ELITE_HORIZONS_V_GUARDIAN_SHIELDREINFORCEMENT
128833966,Int_GuardianShieldReinforcement_Size1_Class2,internal,Guardian Shield Reinforcement,,,,1,D,ELITE_HORIZONS_V_GUARDIAN_SHIELDREINFORCEMENT
128833967,Int_GuardianShieldReinforcement_Size2_Class1,internal,Guardian Shield Reinforcement,,,,2,E,ELITE_HORIZONS_V_GUARDIAN_SHIELDREINFORCEMENT
128833968,Int_GuardianShieldReinforcement_Size2_Class2,internal,Guardian Shield Reinforcement,,,,2,D,ELITE_HORIZONS_V_GUARDIAN_SHIELDREINFORCEMENT
128833969,Int_GuardianShieldReinforcement_Size3_Class1,internal,Guardian Shield Reinforcement,,,,3,E,ELITE_HORIZONS_V_GUARDIAN_SHIELDREINFORCEMENT
128833970,Int_GuardianShieldReinforcement_Size3_Class2,internal,Guardian Shield Reinforcement,,,,3,D,ELITE_HORIZONS_V_GUARDIAN_SHIELDREINFORCEMENT
128833971,Int_GuardianShieldReinforcement_Size4_Class1,internal,Guardian Shield Reinforcement,,,,4,E,ELITE_HORIZONS_V_GUARDIAN_SHIELDREINFORCEMENT
128833972,Int_GuardianShieldReinforcement_Size4_Class2,internal,Guardian Shield Reinforcement,,,,4,D,ELITE_HORIZONS_V_GUARDIAN_SHIELDREINFORCEMENT
128833973,Int_GuardianShieldReinforcement_Size5_Class1,internal,Guardian Shield Reinforcement,,,,5,E,ELITE_HORIZONS_V_GUARDIAN_SHIELDREINFORCEMENT
128833974,Int_GuardianShieldReinforcement_Size5_Class2,internal,Guardian Shield Reinforcement,,,,5,D,ELITE_HORIZONS_V_GUARDIAN_SHIELDREINFORCEMENT
128833975,Int_GuardianFSDBooster_Size1,internal,Guardian FSD Booster,,,,1,H,ELITE_HORIZONS_V_GUARDIAN_FSDBOOSTER
128833976,Int_GuardianFSDBooster_Size2,internal,Guardian FSD Booster,,,,2,H,ELITE_HORIZONS_V_GUARDIAN_FSDBOOSTER
128833977,Int_GuardianFSDBooster_Size3,internal,Guardian FSD Booster,,,,3,H,ELITE_HORIZONS_V_GUARDIAN_FSDBOOSTER
128833978,Int_GuardianFSDBooster_Size4,internal,Guardian FSD Booster,,,,4,H,ELITE_HORIZONS_V_GUARDIAN_FSDBOOSTER
128833979,Int_GuardianFSDBooster_Size5,internal,Guardian FSD Booster,,,,5,H,ELITE_HORIZONS_V_GUARDIAN_FSDBOOSTER
128833980,Int_GuardianPowerDistributor_Size1,internal,Guardian Hybrid Power Distributor,,,,1,A,ELITE_HORIZONS_V_GUARDIAN_POWERDISTRIBUTOR
128833981,Int_GuardianPowerDistributor_Size2,internal,Guardian Hybrid Power Distributor,,,,2,A,ELITE_HORIZONS_V_GUARDIAN_POWERDISTRIBUTOR
128833982,Int_GuardianPowerDistributor_Size3,internal,Guardian Hybrid Power Distributor,,,,3,A,ELITE_HORIZONS_V_GUARDIAN_POWERDISTRIBUTOR
128833983,Int_GuardianPowerDistributor_Size4,internal,Guardian Hybrid Power Distributor,,,,4,A,ELITE_HORIZONS_V_GUARDIAN_POWERDISTRIBUTOR
128833984,Int_GuardianPowerDistributor_Size5,internal,Guardian Hybrid Power Distributor,,,,5,A,ELITE_HORIZONS_V_GUARDIAN_POWERDISTRIBUTOR
128833985,Int_GuardianPowerDistributor_Size6,internal,Guardian Hybrid Power Distributor,,,,6,A,ELITE_HORIZONS_V_GUARDIAN_POWERDISTRIBUTOR
128833986,Int_GuardianPowerDistributor_Size7,internal,Guardian Hybrid Power Distributor,,,,7,A,ELITE_HORIZONS_V_GUARDIAN_POWERDISTRIBUTOR
128833987,Int_GuardianPowerDistributor_Size8,internal,Guardian Hybrid Power Distributor,,,,8,A,ELITE_HORIZONS_V_GUARDIAN_POWERDISTRIBUTOR
128833988,Int_GuardianPowerplant_Size2,internal,Guardian Hybrid Power Plant,,,,2,A,ELITE_HORIZONS_V_GUARDIAN_POWERPLANT
128833989,Int_GuardianPowerplant_Size3,internal,Guardian Hybrid Power Plant,,,,3,A,ELITE_HORIZONS_V_GUARDIAN_POWERPLANT
128833990,Int_GuardianPowerplant_Size4,internal,Guardian Hybrid Power Plant,,,,4,A,ELITE_HORIZONS_V_GUARDIAN_POWERPLANT
128833991,Int_GuardianPowerplant_Size5,internal,Guardian Hybrid Power Plant,,,,5,A,ELITE_HORIZONS_V_GUARDIAN_POWERPLANT
128833992,Int_GuardianPowerplant_Size6,internal,Guardian Hybrid Power Plant,,,,6,A,ELITE_HORIZONS_V_GUARDIAN_POWERPLANT
128833993,Int_GuardianPowerplant_Size7,internal,Guardian Hybrid Power Plant,,,,7,A,ELITE_HORIZONS_V_GUARDIAN_POWERPLANT
128833994,Int_GuardianPowerplant_Size8,internal,Guardian Hybrid Power Plant,,,,8,A,ELITE_HORIZONS_V_GUARDIAN_POWERPLANT
128833995,Hpt_CausticMissile_Fixed_Medium,hardpoint,Enzyme Missile Rack,Fixed,Dumbfire,,2,B,ELITE_HORIZONS_V_CAUSTIC_MEDIUM
128833996,Hpt_FlechetteLauncher_Fixed_Medium,hardpoint,Remote Release Flechette Launcher,Fixed,,,2,B,ELITE_HORIZONS_V_FLECHETTE_FIXED_MEDIUM
128833997,Hpt_FlechetteLauncher_Turret_Medium,hardpoint,Remote Release Flechette Launcher,Turreted,,,2,B,ELITE_HORIZONS_V_FLECHETTE_TURRET_MEDIUM
128833998,Hpt_Guardian_PlasmaLauncher_Fixed_Medium,hardpoint,Guardian Plasma Charger,Fixed,,,2,B,ELITE_HORIZONS_V_GUARDIAN_PLASMA_FIXED_MEDIUM
128833999,Hpt_Guardian_PlasmaLauncher_Turret_Medium,hardpoint,Guardian Plasma Charger,Turreted,,,2,E,ELITE_HORIZONS_V_GUARDIAN_PLASMA_TURRET_MEDIUM
128834000,Hpt_Guardian_ShardCannon_Fixed_Medium,hardpoint,Guardian Shard Cannon,Fixed,,,2,A,ELITE_HORIZONS_V_GUARDIAN_SHARD_FIXED_MEDIUM
128834001,Hpt_Guardian_ShardCannon_Turret_medium,hardpoint,Guardian Shard Cannon,Turreted,,,2,D,ELITE_HORIZONS_V_GUARDIAN_SHARD_TURRET_MEDIUM
128834002,Hpt_PlasmaShockCannon_Fixed_Medium,hardpoint,Shock Cannon,Fixed,,,2,D,ELITE_HORIZONS_V_PLASMASHOCK_FIXED_MEDIUM
128834003,Hpt_PlasmaShockCannon_Gimbal_Medium,hardpoint,Shock Cannon,Gimballed,,,2,D,ELITE_HORIZONS_V_PLASMASHOCK_GIMBAL_MEDIUM
128834004,Hpt_PlasmaShockCannon_Turret_Medium,hardpoint,Shock Cannon,Turreted,,,2,E,ELITE_HORIZONS_V_PLASMASHOCK_TURRET_MEDIUM
128834778,Hpt_Guardian_ShardCannon_Fixed_Large,hardpoint,Guardian Shard Cannon,Fixed,,,3,C,ELITE_HORIZONS_V_GUARDIAN_SHARD_FIXED_LARGE
128834779,Hpt_Guardian_ShardCannon_Turret_Large,hardpoint,Guardian Shard Cannon,Turreted,,,3,D,ELITE_HORIZONS_V_GUARDIAN_SHARD_TURRET_LARGE
128834780,Hpt_PlasmaShockCannon_Fixed_Large,hardpoint,Shock Cannon,Fixed,,,3,C,ELITE_HORIZONS_V_PLASMASHOCK_FIXED_LARGE
128834781,Hpt_PlasmaShockCannon_Gimbal_Large,hardpoint,Shock Cannon,Gimballed,,,3,C,ELITE_HORIZONS_V_PLASMASHOCK_GIMBAL_LARGE
128834782,Hpt_PlasmaShockCannon_Turret_Large,hardpoint,Shock Cannon,Turreted,,,3,D,ELITE_HORIZONS_V_PLASMASHOCK_TURRET_LARGE
128834783,Hpt_Guardian_PlasmaLauncher_Fixed_Large,hardpoint,Guardian Plasma Charger,Fixed,,,3,C,ELITE_HORIZONS_V_GUARDIAN_PLASMA_FIXED_LARGE
128834784,Hpt_Guardian_PlasmaLauncher_Turret_Large,hardpoint,Guardian Plasma Charger,Turreted,,,3,D,ELITE_HORIZONS_V_GUARDIAN_PLASMA_TURRET_LARGE
128837858,Int_DroneControl_Recon_Size1_Class1,internal,Recon Limpet Controller,,,,1,E,
128839283,Krait_Light_Armour_Grade1,standard,Lightweight Alloy,,,Krait Phantom,1,I,ELITE_HORIZONS_V_PLANETARY_LANDINGS
128839284,Krait_Light_Armour_Grade2,standard,Reinforced Alloy,,,Krait Phantom,1,I,ELITE_HORIZONS_V_PLANETARY_LANDINGS
128839285,Krait_Light_Armour_Grade3,standard,Military Grade Composite,,,Krait Phantom,1,I,ELITE_HORIZONS_V_PLANETARY_LANDINGS
128839286,Krait_Light_Armour_Mirrored,standard,Mirrored Surface Composite,,,Krait Phantom,1,I,ELITE_HORIZONS_V_PLANETARY_LANDINGS
128839287,Krait_Light_Armour_Reactive,standard,Reactive Surface Composite,,,Krait Phantom,1,I,ELITE_HORIZONS_V_PLANETARY_LANDINGS
128841592,Int_DroneControl_Recon_Size3_Class1,internal,Recon Limpet Controller,,,,3,E,
128841593,Int_DroneControl_Recon_Size5_Class1,internal,Recon Limpet Controller,,,,5,E,
128841594,Int_DroneControl_Recon_Size7_Class1,internal,Recon Limpet Controller,,,,7,E,
128891602,Hpt_DumbfireMissileRack_Fixed_Large,hardpoint,Missile Rack,Fixed,Dumbfire,,3,A,ELITE_HORIZONS_V_PLANETARY_LANDINGS
128891603,Hpt_PlasmaShockCannon_Turret_Small,hardpoint,Shock Cannon,Turreted,,,1,F,ELITE_HORIZONS_V_PLASMASHOCK_TURRET_SMALL
128891604,Hpt_PlasmaShockCannon_Gimbal_Small,hardpoint,Shock Cannon,Gimballed,,,1,E,ELITE_HORIZONS_V_PLASMASHOCK_GIMBAL_SMALL
128891605,Hpt_PlasmaShockCannon_Fixed_Small,hardpoint,Shock Cannon,Fixed,,,1,D,ELITE_HORIZONS_V_PLASMASHOCK_FIXED_SMALL
128891606,Hpt_Guardian_PlasmaLauncher_Turret_Small,hardpoint,Guardian Plasma Charger,Turreted,,,1,F,ELITE_HORIZONS_V_GUARDIAN_PLASMA_TURRET_SMALL
128891607,Hpt_Guardian_PlasmaLauncher_Fixed_Small,hardpoint,Guardian Plasma Charger,Fixed,,,1,D,ELITE_HORIZONS_V_GUARDIAN_PLASMA_FIXED_SMALL
128891608,Hpt_Guardian_ShardCannon_Turret_Small,hardpoint,Guardian Shard Cannon,Turreted,,,1,F,ELITE_HORIZONS_V_GUARDIAN_SHARD_TURRET_SMALL
128891609,Hpt_Guardian_ShardCannon_Fixed_Small,hardpoint,Guardian Shard Cannon,Fixed,,,1,D,ELITE_HORIZONS_V_GUARDIAN_SHARD_FIXED_SMALL
128891610,Hpt_Guardian_GaussCannon_Fixed_Small,hardpoint,Guardian Gauss Cannon,Fixed,,,1,D,ELITE_HORIZONS_V_GUARDIAN_GAUSS_FIXED_SMALL
128915454,Hpt_Mining_SubSurfDispMisle_Fixed_Small,hardpoint,Sub-Surface Displacement Missile,Fixed,Seeker,,1,B,
128915455,Hpt_Mining_SubSurfDispMisle_Turret_Small,hardpoint,Sub-Surface Displacement Missile,Turreted,Seeker,,1,B,
128915456,Hpt_Mining_SubSurfDispMisle_Fixed_Medium,hardpoint,Sub-Surface Displacement Missile,Fixed,Seeker,,2,B,
128915457,Hpt_Mining_SubSurfDispMisle_Turret_Medium,hardpoint,Sub-Surface Displacement Missile,Turreted,Seeker,,2,B,
128915458,Hpt_Mining_AbrBlstr_Fixed_Small,hardpoint,Abrasion Blaster,Fixed,,,1,D,
128915459,Hpt_Mining_AbrBlstr_Turret_Small,hardpoint,Abrasion Blaster,Turreted,,,1,D,
128915460,Hpt_Mining_SeismChrgWarhd_Fixed_Medium,hardpoint,Seismic Charge Launcher,Fixed,Seeker,,2,B,
128915461,Hpt_Mining_SeismChrgWarhd_Turret_Medium,hardpoint,Seismic Charge Launcher,Turreted,Seeker,,2,B,
128915718,Hpt_MRAScanner_Size0_Class1,utility,Pulse Wave Analyser,,,,0,E,
128915719,Hpt_MRAScanner_Size0_Class2,utility,Pulse Wave Analyser,,,,0,D,
128915720,Hpt_MRAScanner_Size0_Class3,utility,Pulse Wave Analyser,,,,0,C,
128915721,Hpt_MRAScanner_Size0_Class4,utility,Pulse Wave Analyser,,,,0,B,
128915722,Hpt_MRAScanner_Size0_Class5,utility,Pulse Wave Analyser,,,,0,A,
128915981,Mamba_Armour_Grade1,standard,Lightweight Alloy,,,Mamba,1,I,ELITE_HORIZONS_V_PLANETARY_LANDINGS
128915982,Mamba_Armour_Grade2,standard,Reinforced Alloy,,,Mamba,1,I,ELITE_HORIZONS_V_PLANETARY_LANDINGS
128915983,Mamba_Armour_Grade3,standard,Military Grade Composite,,,Mamba,1,I,ELITE_HORIZONS_V_PLANETARY_LANDINGS
128915984,Mamba_Armour_Mirrored,standard,Mirrored Surface Composite,,,Mamba,1,I,ELITE_HORIZONS_V_PLANETARY_LANDINGS
128915985,Mamba_Armour_Reactive,standard,Reactive Surface Composite,,,Mamba,1,I,ELITE_HORIZONS_V_PLANETARY_LANDINGS
128932273,Int_SupercruiseAssist,internal,Supercruise Assist,,,,1,E,
128935155,Int_DockingComputer_Advanced,internal,Advanced Docking Computer,,,,1,E,
128935980,Hpt_MultiCannon_Fixed_Medium_Advanced,hardpoint,Advanced Multi-Cannon,Fixed,,,2,E,
128935981,Hpt_MultiCannon_Fixed_Small_Advanced,hardpoint,Advanced Multi-Cannon,Fixed,,,1,F,
128935982,Hpt_DumbfireMissileRack_Fixed_Small_Advanced,hardpoint,Advanced Missile Rack,Fixed,Dumbfire,,1,B,
128935983,Hpt_DumbfireMissileRack_Fixed_Medium_Advanced,hardpoint,Advanced Missile Rack,Fixed,Dumbfire,,2,B,
128975719,Int_PlanetApproachSuite_Advanced,internal,Advanced Planetary Approach Suite,,,,1,I,ELITE_HORIZONS_V_PLANETARY_LANDINGS
129001921,Int_MultiDroneControl_Mining_Size3_Class1,internal,Mining Multi Limpet Controller,,,,3,E,
129001922,Int_MultiDroneControl_Mining_Size3_Class3,internal,Mining Multi Limpet Controller,,,,3,C,
129001923,Int_MultiDroneControl_Operations_Size3_Class3,internal,Operations Multi Limpet Controller,,,,3,C,
129001924,Int_MultiDroneControl_Operations_Size3_Class4,internal,Operations Multi Limpet Controller,,,,3,B,
129001925,Int_MultiDroneControl_Rescue_Size3_Class2,internal,Rescue Multi Limpet Controller,,,,3,D,
129001926,Int_MultiDroneControl_Rescue_Size3_Class3,internal,Rescue Multi Limpet Controller,,,,3,C,
129001927,Int_MultiDroneControl_Xeno_Size3_Class3,internal,Xeno Multi Limpet Controller,,,,3,C,
129001928,Int_MultiDroneControl_Xeno_Size3_Class4,internal,Xeno Multi Limpet Controller,,,,3,B,
129001929,Int_MultiDroneControl_Universal_Size7_Class3,internal,Universal Multi Limpet Controller,,,,7,C,
129001930,Int_MultiDroneControl_Universal_Size7_Class5,internal,Universal Multi Limpet Controller,,,,7,A,
